timestamp,label_id,session,temperature,humidity,day_of_week,hour_of_day,outside_temp,outside_humidity,outside_pressure,delta_temp,delta_humidity
2025-12-08 15:11:47,20251208_151147,20251208_151147,28.2,62.8,Monday,15,25,47,1017,3.1999999999999993,15.799999999999997
2025-12-08 15:21:47,20251208_152147,20251208_152147,28.0,61.4,Monday,15,25,25,1017,3.0,36.4
2025-12-08 15:31:48,20251208_153148,20251208_153148,27.8,60.6,Monday,15,25,45,1017,2.8000000000000007,15.600000000000001
2025-12-08 15:41:49,20251208_154149,20251208_154149,27.8,60.8,Monday,15,26,45,1017,1.8000000000000007,15.799999999999997
2025-12-28 22:37:41,20251228_223741,20251228_223741,24.1,59.0,Sunday,22,19,68,1017,5.100000000000001,-9.0
2025-12-28 22:47:42,20251228_224742,20251228_224742,24.1,59.0,Sunday,22,19,68,1017,5.100000000000001,-9.0
2025-12-28 22:57:44,20251228_225744,20251228_225744,24.1,59.0,Sunday,22,19,68,1017,5.100000000000001,-9.0
2025-12-28 23:07:45,20251228_230745,20251228_230745,24.1,59.0,Sunday,23,19,68,1017,5.100000000000001,-9.0
2025-12-28 23:17:46,20251228_231746,20251228_231746,24.1,59.0,Sunday,23,19,67,1017,5.100000000000001,-8.0
2025-12-28 23:27:48,20251228_232748,20251228_232748,24.1,59.0,Sunday,23,19,67,1017,5.100000000000001,-8.0
2025-12-28 23:38:33,20251228_233833,20251228_233833,24.1,59.0,Sunday,23,,,,,
2025-12-29 21:28:13,20251229_212813,20251229_212813,23.8,68.0,Monday,21,19,77,1016,4.800000000000001,-9.0
2025-12-29 21:38:26,20251229_213826,20251229_213826,24.1,65.0,Monday,21,19,78,1016,5.100000000000001,-13.0
2025-12-29 21:48:28,20251229_214828,20251229_214828,24.5,63.0,Monday,21,19,78,1016,5.5,-15.0
2025-12-29 21:58:29,20251229_215829,20251229_215829,24.8,63.0,Monday,21,19,78,1016,5.800000000000001,-15.0
2025-12-29 22:08:31,20251229_220831,20251229_220831,25.3,62.0,Monday,22,19,78,1016,6.300000000000001,-16.0
2025-12-29 22:18:32,20251229_221832,20251229_221832,25.3,62.0,Monday,22,19,78,1016,6.300000000000001,-16.0
2025-12-29 22:28:37,20251229_222837,20251229_222837,25.3,61.0,Monday,22,19,78,1016,6.300000000000001,-17.0
2025-12-29 22:38:39,20251229_223839,20251229_223839,25.8,61.0,Monday,22,19,79,1016,6.800000000000001,-18.0
2025-12-29 22:48:40,20251229_224840,20251229_224840,25.8,61.0,Monday,22,19,79,1016,6.800000000000001,-18.0
2025-12-29 22:58:42,20251229_225842,20251229_225842,25.8,60.0,Monday,22,19,79,1016,6.800000000000001,-19.0
2025-12-29 23:08:43,20251229_230843,20251229_230843,25.8,60.0,Monday,23,19,78,1016,6.800000000000001,-18.0
2025-12-29 23:18:44,20251229_231844,20251229_231844,25.8,60.0,Monday,23,19,78,1016,6.800000000000001,-18.0
2025-12-29 23:28:46,20251229_232846,20251229_232846,26.0,60.0,Monday,23,19,80,1016,7.0,-20.0
2025-12-29 23:39:53,20251229_233953,20251229_233953,25.8,59.0,Monday,23,,,,,
2025-12-30 21:20:00,20251230_212000,20251230_212000,23.4,72.0,Tuesday,21,21,82,1014,2.3999999999999986,-10.0
2025-12-30 21:30:07,20251230_213007,20251230_213007,24.5,69.0,Tuesday,21,21,82,1014,3.5,-13.0
2025-12-30 21:40:13,20251230_214013,20251230_214013,25.8,65.0,Tuesday,21,21,84,1013,4.800000000000001,-19.0
2025-12-30 21:50:15,20251230_215015,20251230_215015,26.2,64.0,Tuesday,21,21,84,1013,5.199999999999999,-20.0
2025-12-30 22:00:16,20251230_220016,20251230_220016,26.2,63.0,Tuesday,22,21,84,1013,5.199999999999999,-21.0
2025-12-30 22:10:18,20251230_221018,20251230_221018,28.0,59.0,Tuesday,22,20,84,1013,8.0,-25.0
2025-12-30 22:20:19,20251230_222019,20251230_222019,28.5,57.0,Tuesday,22,20,84,1013,8.5,-27.0
2025-12-30 22:30:20,20251230_223020,20251230_223020,28.5,57.0,Tuesday,22,20,84,1013,8.5,-27.0
2025-12-30 22:40:22,20251230_224022,20251230_224022,28.5,57.0,Tuesday,22,20,85,1013,8.5,-28.0
2025-12-30 22:50:23,20251230_225023,20251230_225023,28.5,57.0,Tuesday,22,20,85,1013,8.5,-28.0
2025-12-30 23:00:25,20251230_230025,20251230_230025,28.5,56.0,Tuesday,23,20,85,1013,8.5,-29.0
2025-12-30 23:10:26,20251230_231026,20251230_231026,27.6,58.0,Tuesday,23,20,85,1013,7.600000000000001,-27.0
2025-12-30 23:20:27,20251230_232027,20251230_232027,26.2,62.0,Tuesday,23,20,85,1013,6.199999999999999,-23.0
2025-12-30 23:30:29,20251230_233029,20251230_233029,26.2,62.0,Tuesday,23,20,85,1013,6.199999999999999,-23.0
2025-12-30 23:40:30,20251230_234030,20251230_234030,26.2,62.0,Tuesday,23,20,86,1013,6.199999999999999,-24.0
2025-12-30 23:50:32,20251230_235032,20251230_235032,26.2,62.0,Tuesday,23,20,86,1013,6.199999999999999,-24.0
2025-12-31 00:00:33,20251231_000033,20251231_000033,26.2,62.0,Wednesday,0,20,86,1013,6.199999999999999,-24.0
2025-12-31 00:10:35,20251231_001035,20251231_001035,26.2,62.0,Wednesday,0,20,86,1013,6.199999999999999,-24.0
2025-12-31 00:20:36,20251231_002036,20251231_002036,26.2,62.0,Wednesday,0,20,86,1013,6.199999999999999,-24.0
2025-12-31 00:30:37,20251231_003037,20251231_003037,26.2,62.0,Wednesday,0,20,86,1013,6.199999999999999,-24.0
2025-12-31 00:40:39,20251231_004039,20251231_004039,26.2,62.0,Wednesday,0,20,86,1013,6.199999999999999,-24.0
2025-12-31 00:50:40,20251231_005040,20251231_005040,26.2,62.0,Wednesday,0,20,86,1013,6.199999999999999,-24.0
2025-12-31 01:00:42,20251231_010042,20251231_010042,26.2,62.0,Wednesday,1,20,86,1013,6.199999999999999,-24.0
2025-12-31 01:10:43,20251231_011043,20251231_011043,25.8,62.0,Wednesday,1,20,86,1013,5.800000000000001,-24.0
2025-12-31 01:20:44,20251231_012044,20251231_012044,25.8,62.0,Wednesday,1,20,86,1013,5.800000000000001,-24.0
2025-12-31 01:30:46,20251231_013046,20251231_013046,25.8,62.0,Wednesday,1,20,87,1012,5.800000000000001,-25.0
2025-12-31 01:40:47,20251231_014047,20251231_014047,25.8,62.0,Wednesday,1,19,87,1012,6.800000000000001,-25.0
2025-12-31 01:50:49,20251231_015049,20251231_015049,25.8,62.0,Wednesday,1,19,87,1012,6.800000000000001,-25.0
2025-12-31 02:00:50,20251231_020050,20251231_020050,25.8,62.0,Wednesday,2,19,87,1012,6.800000000000001,-25.0
2025-12-31 02:10:52,20251231_021052,20251231_021052,25.8,62.0,Wednesday,2,19,89,1012,6.800000000000001,-27.0
2025-12-31 02:20:53,20251231_022053,20251231_022053,25.8,62.0,Wednesday,2,19,89,1012,6.800000000000001,-27.0
2025-12-31 02:30:54,20251231_023054,20251231_023054,25.8,62.0,Wednesday,2,19,89,1012,6.800000000000001,-27.0
2025-12-31 02:40:56,20251231_024056,20251231_024056,25.8,62.0,Wednesday,2,19,89,1012,6.800000000000001,-27.0
2025-12-31 02:50:57,20251231_025057,20251231_025057,25.8,62.0,Wednesday,2,19,89,1012,6.800000000000001,-27.0
2025-12-31 03:00:59,20251231_030059,20251231_030059,25.4,62.0,Wednesday,3,19,89,1012,6.399999999999999,-27.0
2025-12-31 03:11:00,20251231_031100,20251231_031100,25.8,62.0,Wednesday,3,19,89,1012,6.800000000000001,-27.0
2025-12-31 03:21:01,20251231_032101,20251231_032101,25.8,62.0,Wednesday,3,19,89,1012,6.800000000000001,-27.0
2025-12-31 03:31:03,20251231_033103,20251231_033103,25.8,62.0,Wednesday,3,19,89,1012,6.800000000000001,-27.0
2025-12-31 03:41:04,20251231_034104,20251231_034104,25.4,62.0,Wednesday,3,19,90,1011,6.399999999999999,-28.0
2025-12-31 03:51:06,20251231_035106,20251231_035106,25.8,62.0,Wednesday,3,19,90,1011,6.800000000000001,-28.0
2025-12-31 04:01:07,20251231_040107,20251231_040107,25.3,62.0,Wednesday,4,19,90,1011,6.300000000000001,-28.0
2025-12-31 04:11:09,20251231_041109,20251231_041109,25.3,62.0,Wednesday,4,19,90,1011,6.300000000000001,-28.0
2025-12-31 04:21:10,20251231_042110,20251231_042110,25.3,62.0,Wednesday,4,19,90,1011,6.300000000000001,-28.0
2025-12-31 04:31:11,20251231_043111,20251231_043111,25.3,62.0,Wednesday,4,19,90,1011,6.300000000000001,-28.0
2025-12-31 04:41:13,20251231_044113,20251231_044113,25.3,62.0,Wednesday,4,19,91,1012,6.300000000000001,-29.0
2025-12-31 04:51:18,20251231_045118,20251231_045118,25.3,62.0,Wednesday,4,19,91,1012,6.300000000000001,-29.0
2025-12-31 05:01:20,20251231_050120,20251231_050120,25.3,62.0,Wednesday,5,19,91,1012,6.300000000000001,-29.0
2025-12-31 05:11:21,20251231_051121,20251231_051121,25.3,62.0,Wednesday,5,19,91,1012,6.300000000000001,-29.0
2025-12-31 05:21:23,20251231_052123,20251231_052123,25.3,62.0,Wednesday,5,19,92,1012,6.300000000000001,-30.0
2025-12-31 05:31:24,20251231_053124,20251231_053124,25.3,62.0,Wednesday,5,19,93,1012,6.300000000000001,-31.0
2025-12-31 05:41:25,20251231_054125,20251231_054125,25.3,62.0,Wednesday,5,19,93,1012,6.300000000000001,-31.0
2025-12-31 05:51:27,20251231_055127,20251231_055127,25.3,62.0,Wednesday,5,19,92,1012,6.300000000000001,-30.0
2025-12-31 06:01:28,20251231_060128,20251231_060128,25.3,62.0,Wednesday,6,19,92,1012,6.300000000000001,-30.0
2025-12-31 06:11:30,20251231_061130,20251231_061130,25.3,62.0,Wednesday,6,19,92,1012,6.300000000000001,-30.0
2025-12-31 06:21:31,20251231_062131,20251231_062131,25.3,62.0,Wednesday,6,19,92,1012,6.300000000000001,-30.0
2025-12-31 06:31:32,20251231_063132,20251231_063132,25.3,62.0,Wednesday,6,19,92,1012,6.300000000000001,-30.0
2025-12-31 06:41:34,20251231_064134,20251231_064134,25.3,62.0,Wednesday,6,19,92,1013,6.300000000000001,-30.0
2025-12-31 06:51:35,20251231_065135,20251231_065135,25.3,62.0,Wednesday,6,19,92,1013,6.300000000000001,-30.0
2025-12-31 07:01:37,20251231_070137,20251231_070137,24.8,63.0,Wednesday,7,19,92,1013,5.800000000000001,-29.0
2025-12-31 07:11:38,20251231_071138,20251231_071138,25.3,63.0,Wednesday,7,19,91,1013,6.300000000000001,-28.0
2025-12-31 07:21:40,20251231_072140,20251231_072140,25.3,62.0,Wednesday,7,19,91,1013,6.300000000000001,-29.0
2025-12-31 07:31:41,20251231_073141,20251231_073141,25.3,62.0,Wednesday,7,19,91,1013,6.300000000000001,-29.0
2025-12-31 07:41:42,20251231_074142,20251231_074142,25.3,62.0,Wednesday,7,19,86,1013,6.300000000000001,-24.0
2025-12-31 07:51:44,20251231_075144,20251231_075144,25.3,62.0,Wednesday,7,19,86,1013,6.300000000000001,-24.0
2025-12-31 08:01:45,20251231_080145,20251231_080145,25.3,62.0,Wednesday,8,19,86,1013,6.300000000000001,-24.0
2025-12-31 08:11:47,20251231_081147,20251231_081147,25.3,62.0,Wednesday,8,19,87,1013,6.300000000000001,-25.0
2025-12-31 08:21:48,20251231_082148,20251231_082148,25.8,62.0,Wednesday,8,19,87,1013,6.800000000000001,-25.0
2025-12-31 08:31:49,20251231_083149,20251231_083149,25.8,62.0,Wednesday,8,19,87,1013,6.800000000000001,-25.0
2025-12-31 08:41:51,20251231_084151,20251231_084151,25.8,62.0,Wednesday,8,20,84,1014,5.800000000000001,-22.0
2025-12-31 08:51:52,20251231_085152,20251231_085152,25.8,62.0,Wednesday,8,20,83,1014,5.800000000000001,-21.0
2025-12-31 09:01:54,20251231_090154,20251231_090154,25.8,62.0,Wednesday,9,20,83,1014,5.800000000000001,-21.0
2025-12-31 09:11:55,20251231_091155,20251231_091155,25.8,62.0,Wednesday,9,20,83,1014,5.800000000000001,-21.0
2025-12-31 09:21:57,20251231_092157,20251231_092157,25.8,62.0,Wednesday,9,20,83,1014,5.800000000000001,-21.0
2025-12-31 09:31:58,20251231_093158,20251231_093158,25.8,62.0,Wednesday,9,20,81,1014,5.800000000000001,-19.0
2025-12-31 09:41:59,20251231_094159,20251231_094159,25.8,62.0,Wednesday,9,20,81,1014,5.800000000000001,-19.0
2025-12-31 09:52:01,20251231_095201,20251231_095201,25.8,62.0,Wednesday,9,20,81,1014,5.800000000000001,-19.0
2025-12-31 10:02:02,20251231_100202,20251231_100202,25.8,62.0,Wednesday,10,20,81,1014,5.800000000000001,-19.0
2025-12-31 10:12:04,20251231_101204,20251231_101204,25.8,62.0,Wednesday,10,21,82,1015,4.800000000000001,-20.0
2025-12-31 10:22:05,20251231_102205,20251231_102205,25.8,62.0,Wednesday,10,21,78,1014,4.800000000000001,-16.0
2025-12-31 10:32:06,20251231_103206,20251231_103206,25.8,62.0,Wednesday,10,21,77,1013,4.800000000000001,-15.0
2025-12-31 10:42:08,20251231_104208,20251231_104208,25.3,62.0,Wednesday,10,22,77,1013,3.3000000000000007,-15.0
2025-12-31 10:52:09,20251231_105209,20251231_105209,25.8,62.0,Wednesday,10,22,75,1013,3.8000000000000007,-13.0
2025-12-31 11:02:11,20251231_110211,20251231_110211,25.3,63.0,Wednesday,11,22,74,1014,3.3000000000000007,-11.0
2025-12-31 11:12:12,20251231_111212,20251231_111212,25.8,62.0,Wednesday,11,21,74,1014,4.800000000000001,-12.0
2025-12-31 11:22:14,20251231_112214,20251231_112214,25.8,62.0,Wednesday,11,21,77,1013,4.800000000000001,-15.0
2025-12-31 11:32:15,20251231_113215,20251231_113215,25.8,62.0,Wednesday,11,21,77,1013,4.800000000000001,-15.0
2025-12-31 11:43:22,20251231_114322,20251231_114322,26.2,62.0,Wednesday,11,,,,,
2025-12-31 11:54:29,20251231_115429,20251231_115429,26.0,61.0,Wednesday,11,,,,,
2025-12-31 12:05:35,20251231_120535,20251231_120535,26.0,61.0,Wednesday,12,,,,,
2025-12-31 12:16:42,20251231_121642,20251231_121642,0.0,61.0,Wednesday,12,,,,,
2025-12-31 12:27:48,20251231_122748,20251231_122748,0.0,61.0,Wednesday,12,,,,,
2025-12-31 12:38:55,20251231_123855,20251231_123855,26.2,61.0,Wednesday,12,,,,,
2025-12-31 12:50:02,20251231_125002,20251231_125002,0.0,61.0,Wednesday,12,,,,,
2025-12-31 13:01:09,20251231_130109,20251231_130109,26.2,61.0,Wednesday,13,,,,,
2025-12-31 13:12:17,20251231_131217,20251231_131217,26.2,61.0,Wednesday,13,,,,,
2025-12-31 13:23:23,20251231_132323,20251231_132323,0.0,61.0,Wednesday,13,,,,,
2025-12-31 13:34:30,20251231_133430,20251231_133430,0.0,61.0,Wednesday,13,,,,,
2025-12-31 13:45:38,20251231_134538,20251231_134538,26.2,61.0,Wednesday,13,,,,,
2025-12-31 13:56:46,20251231_135646,20251231_135646,26.7,60.0,Wednesday,13,,,,,
2025-12-31 14:07:53,20251231_140753,20251231_140753,26.2,60.0,Wednesday,14,,,,,
2025-12-31 14:19:01,20251231_141901,20251231_141901,26.2,60.0,Wednesday,14,,,,,
2025-12-31 14:30:09,20251231_143009,20251231_143009,26.2,60.0,Wednesday,14,,,,,
2025-12-31 14:41:15,20251231_144115,20251231_144115,0.0,60.0,Wednesday,14,,,,,
2025-12-31 14:52:23,20251231_145223,20251231_145223,26.2,60.0,Wednesday,14,,,,,
2025-12-31 15:03:30,20251231_150330,20251231_150330,20.0,60.0,Wednesday,15,,,,,
2025-12-31 15:14:37,20251231_151437,20251231_151437,26.2,60.0,Wednesday,15,,,,,
2025-12-31 15:25:43,20251231_152543,20251231_152543,0.0,60.0,Wednesday,15,,,,,
2025-12-31 15:36:50,20251231_153650,20251231_153650,0.0,60.0,Wednesday,15,,,,,
2025-12-31 15:48:03,20251231_154803,20251231_154803,26.2,60.0,Wednesday,15,,,,,
2025-12-31 15:59:11,20251231_155911,20251231_155911,26.2,60.0,Wednesday,15,,,,,
2025-12-31 16:09:41,20251231_160941,20251231_160941,24.8,62.0,Wednesday,16,23,73,1009,1.8000000000000007,-11.0
2025-12-31 16:19:43,20251231_161943,20251231_161943,25.3,61.0,Wednesday,16,23,73,1009,2.3000000000000007,-12.0
2025-12-31 16:29:44,20251231_162944,20251231_162944,25.8,61.0,Wednesday,16,23,73,1009,2.8000000000000007,-12.0
2025-12-31 16:39:46,20251231_163946,20251231_163946,25.8,61.0,Wednesday,16,23,74,1009,2.8000000000000007,-13.0
2025-12-31 16:49:47,20251231_164947,20251231_164947,25.8,61.0,Wednesday,16,23,74,1009,2.8000000000000007,-13.0
2025-12-31 16:59:48,20251231_165948,20251231_165948,25.8,61.0,Wednesday,16,23,71,1009,2.8000000000000007,-10.0
2025-12-31 17:09:50,20251231_170950,20251231_170950,25.8,61.0,Wednesday,17,23,70,1009,2.8000000000000007,-9.0
2025-12-31 17:19:51,20251231_171951,20251231_171951,25.8,60.0,Wednesday,17,23,67,1010,2.8000000000000007,-7.0
2025-12-31 17:29:53,20251231_172953,20251231_172953,26.2,60.0,Wednesday,17,23,67,1010,3.1999999999999993,-7.0
2025-12-31 17:39:54,20251231_173954,20251231_173954,26.7,59.0,Wednesday,17,22,71,1010,4.699999999999999,-12.0
2025-12-31 17:49:55,20251231_174955,20251231_174955,26.7,59.0,Wednesday,17,22,73,1010,4.699999999999999,-14.0
2025-12-31 17:59:57,20251231_175957,20251231_175957,26.7,59.0,Wednesday,17,22,73,1010,4.699999999999999,-14.0
2025-12-31 18:09:58,20251231_180958,20251231_180958,26.2,59.0,Wednesday,18,22,71,1010,4.199999999999999,-12.0
2025-12-31 18:20:00,20251231_182000,20251231_182000,26.2,59.0,Wednesday,18,22,71,1010,4.199999999999999,-12.0
2025-12-31 18:30:01,20251231_183001,20251231_183001,25.8,59.0,Wednesday,18,22,71,1010,3.8000000000000007,-12.0
2025-12-31 18:40:03,20251231_184003,20251231_184003,25.8,60.0,Wednesday,18,21,75,1011,4.800000000000001,-15.0
2025-12-31 18:50:04,20251231_185004,20251231_185004,25.3,60.0,Wednesday,18,21,78,1011,4.300000000000001,-18.0
2025-12-31 19:00:05,20251231_190005,20251231_190005,25.3,60.0,Wednesday,19,21,78,1011,4.300000000000001,-18.0
2025-12-31 19:10:07,20251231_191007,20251231_191007,25.3,60.0,Wednesday,19,21,76,1011,4.300000000000001,-16.0
2025-12-31 19:20:08,20251231_192008,20251231_192008,25.3,60.0,Wednesday,19,21,76,1011,4.300000000000001,-16.0
2025-12-31 19:30:10,20251231_193010,20251231_193010,24.8,60.0,Wednesday,19,21,76,1011,3.8000000000000007,-16.0
2025-12-31 19:40:11,20251231_194011,20251231_194011,24.8,60.0,Wednesday,19,21,79,1012,3.8000000000000007,-19.0
2025-12-31 19:50:12,20251231_195012,20251231_195012,24.8,60.0,Wednesday,19,21,79,1012,3.8000000000000007,-19.0
2025-12-31 20:00:14,20251231_200014,20251231_200014,24.8,60.0,Wednesday,20,21,79,1012,3.8000000000000007,-19.0
2025-12-31 20:10:15,20251231_201015,20251231_201015,24.8,60.0,Wednesday,20,21,78,1012,3.8000000000000007,-18.0
2025-12-31 20:20:17,20251231_202017,20251231_202017,24.8,60.0,Wednesday,20,21,77,1012,3.8000000000000007,-17.0
2025-12-31 20:30:18,20251231_203018,20251231_203018,24.8,61.0,Wednesday,20,21,77,1012,3.8000000000000007,-16.0
2025-12-31 20:40:20,20251231_204020,20251231_204020,24.8,61.0,Wednesday,20,20,79,1013,4.800000000000001,-18.0
2025-12-31 20:50:21,20251231_205021,20251231_205021,24.5,61.0,Wednesday,20,20,79,1013,4.5,-18.0
2025-12-31 21:00:22,20251231_210022,20251231_210022,24.5,61.0,Wednesday,21,20,79,1013,4.5,-18.0
2025-12-31 21:10:24,20251231_211024,20251231_211024,24.8,61.0,Wednesday,21,20,79,1013,4.800000000000001,-18.0
2025-12-31 21:20:25,20251231_212025,20251231_212025,24.6,62.0,Wednesday,21,20,79,1013,4.600000000000001,-17.0
2025-12-31 21:30:27,20251231_213027,20251231_213027,24.5,62.0,Wednesday,21,20,79,1013,4.5,-17.0
2025-12-31 21:40:28,20251231_214028,20251231_214028,25.8,61.0,Wednesday,21,20,79,1013,5.800000000000001,-18.0
2025-12-31 21:50:29,20251231_215029,20251231_215029,25.8,61.0,Wednesday,21,20,80,1013,5.800000000000001,-19.0
2025-12-31 22:00:31,20251231_220031,20251231_220031,26.2,60.0,Wednesday,22,20,80,1013,6.199999999999999,-20.0
2025-12-31 22:10:32,20251231_221032,20251231_221032,25.8,61.0,Wednesday,22,20,80,1013,5.800000000000001,-19.0
2025-12-31 22:20:34,20251231_222034,20251231_222034,25.8,61.0,Wednesday,22,20,80,1013,5.800000000000001,-19.0
2025-12-31 22:30:35,20251231_223035,20251231_223035,25.4,61.0,Wednesday,22,20,80,1013,5.399999999999999,-19.0
2025-12-31 22:40:37,20251231_224037,20251231_224037,25.3,61.0,Wednesday,22,20,79,1013,5.300000000000001,-18.0
2025-12-31 22:50:38,20251231_225038,20251231_225038,25.3,62.0,Wednesday,22,20,79,1013,5.300000000000001,-17.0
2025-12-31 23:00:39,20251231_230039,20251231_230039,25.3,62.0,Wednesday,23,20,79,1013,5.300000000000001,-17.0
2025-12-31 23:10:41,20251231_231041,20251231_231041,25.3,62.0,Wednesday,23,20,79,1013,5.300000000000001,-17.0
2025-12-31 23:20:42,20251231_232042,20251231_232042,25.3,62.0,Wednesday,23,20,80,1013,5.300000000000001,-18.0
2025-12-31 23:30:44,20251231_233044,20251231_233044,25.3,62.0,Wednesday,23,20,80,1013,5.300000000000001,-18.0
2025-12-31 23:40:45,20251231_234045,20251231_234045,25.3,62.0,Wednesday,23,20,81,1013,5.300000000000001,-19.0
2025-12-31 23:50:46,20251231_235046,20251231_235046,25.3,62.0,Wednesday,23,20,81,1013,5.300000000000001,-19.0
2026-01-01 00:00:48,20260101_000048,20260101_000048,25.3,62.0,Thursday,0,20,81,1013,5.300000000000001,-19.0
2026-01-01 00:10:49,20260101_001049,20260101_001049,25.3,62.0,Thursday,0,20,81,1013,5.300000000000001,-19.0
2026-01-01 00:20:51,20260101_002051,20260101_002051,24.8,62.0,Thursday,0,20,81,1013,4.800000000000001,-19.0
2026-01-01 00:30:52,20260101_003052,20260101_003052,24.8,62.0,Thursday,0,20,81,1013,4.800000000000001,-19.0
2026-01-01 00:40:54,20260101_004054,20260101_004054,24.8,62.0,Thursday,0,20,82,1013,4.800000000000001,-20.0
2026-01-01 00:50:55,20260101_005055,20260101_005055,24.8,62.0,Thursday,0,20,84,1013,4.800000000000001,-22.0
2026-01-01 01:00:56,20260101_010056,20260101_010056,24.8,62.0,Thursday,1,20,84,1013,4.800000000000001,-22.0
2026-01-01 01:10:58,20260101_011058,20260101_011058,24.1,64.0,Thursday,1,20,84,1013,4.100000000000001,-20.0
2026-01-01 01:20:59,20260101_012059,20260101_012059,24.1,64.0,Thursday,1,20,84,1013,4.100000000000001,-20.0
2026-01-01 01:31:37,20260101_013137,20260101_013137,24.1,64.0,Thursday,1,,,,,
2026-01-01 10:17:27,20260101_101727,20260101_101727,23.8,71.0,Thursday,10,22,74,1017,1.8000000000000007,-3.0
2026-01-01 10:27:29,20260101_102729,20260101_102729,23.4,72.0,Thursday,10,22,74,1017,1.3999999999999986,-2.0
2026-01-01 10:37:30,20260101_103730,20260101_103730,23.4,71.0,Thursday,10,23,75,1017,0.3999999999999986,-4.0
2026-01-01 10:47:31,20260101_104731,20260101_104731,23.4,71.0,Thursday,10,23,75,1017,0.3999999999999986,-4.0
2026-01-01 10:57:33,20260101_105733,20260101_105733,23.4,71.0,Thursday,10,23,75,1017,0.3999999999999986,-4.0
2026-01-01 11:07:34,20260101_110734,20260101_110734,23.4,71.0,Thursday,11,23,74,1017,0.3999999999999986,-3.0
2026-01-01 11:17:36,20260101_111736,20260101_111736,23.4,71.0,Thursday,11,23,74,1017,0.3999999999999986,-3.0
2026-01-01 11:27:37,20260101_112737,20260101_112737,23.4,71.0,Thursday,11,23,74,1017,0.3999999999999986,-3.0
2026-01-01 11:37:39,20260101_113739,20260101_113739,23.4,71.0,Thursday,11,23,73,1017,0.3999999999999986,-2.0
2026-01-01 11:47:40,20260101_114740,20260101_114740,23.4,71.0,Thursday,11,23,73,1017,0.3999999999999986,-2.0
2026-01-01 11:57:41,20260101_115741,20260101_115741,23.4,71.0,Thursday,11,23,73,1016,0.3999999999999986,-2.0
2026-01-01 12:07:43,20260101_120743,20260101_120743,23.8,71.0,Thursday,12,23,73,1016,0.8000000000000007,-2.0
2026-01-01 12:17:44,20260101_121744,20260101_121744,23.8,71.0,Thursday,12,23,73,1016,0.8000000000000007,-2.0
2026-01-01 12:27:46,20260101_122746,20260101_122746,23.8,71.0,Thursday,12,23,73,1016,0.8000000000000007,-2.0
2026-01-01 12:37:47,20260101_123747,20260101_123747,23.8,71.0,Thursday,12,25,72,1016,-1.1999999999999993,-1.0
2026-01-01 12:47:48,20260101_124748,20260101_124748,23.8,71.0,Thursday,12,25,69,1015,-1.1999999999999993,2.0
2026-01-01 12:57:50,20260101_125750,20260101_125750,23.8,71.0,Thursday,12,25,69,1015,-1.1999999999999993,2.0
2026-01-01 13:07:52,20260101_130752,20260101_130752,23.8,71.0,Thursday,13,25,69,1015,-1.1999999999999993,2.0
2026-01-01 13:17:53,20260101_131753,20260101_131753,23.8,71.0,Thursday,13,25,69,1015,-1.1999999999999993,2.0
2026-01-01 13:27:54,20260101_132754,20260101_132754,23.8,71.0,Thursday,13,25,69,1015,-1.1999999999999993,2.0
2026-01-01 13:37:55,20260101_133755,20260101_133755,23.8,71.0,Thursday,13,25,72,1015,-1.1999999999999993,-1.0
2026-01-01 13:47:57,20260101_134757,20260101_134757,23.8,71.0,Thursday,13,25,72,1015,-1.1999999999999993,-1.0
2026-01-01 13:57:58,20260101_135758,20260101_135758,23.8,71.0,Thursday,13,25,72,1015,-1.1999999999999993,-1.0
2026-01-01 14:08:00,20260101_140800,20260101_140800,23.8,72.0,Thursday,14,25,69,1015,-1.1999999999999993,3.0
2026-01-01 14:18:01,20260101_141801,20260101_141801,23.8,72.0,Thursday,14,25,69,1015,-1.1999999999999993,3.0
2026-01-01 14:28:03,20260101_142803,20260101_142803,23.8,72.0,Thursday,14,25,68,1014,-1.1999999999999993,4.0
2026-01-01 14:38:04,20260101_143804,20260101_143804,23.8,72.0,Thursday,14,25,72,1015,-1.1999999999999993,0.0
2026-01-01 14:48:05,20260101_144805,20260101_144805,23.8,71.0,Thursday,14,25,72,1015,-1.1999999999999993,-1.0
2026-01-01 14:58:07,20260101_145807,20260101_145807,24.0,71.0,Thursday,14,25,73,1015,-1.0,-2.0
2026-01-01 15:08:08,20260101_150808,20260101_150808,23.8,71.0,Thursday,15,25,69,1015,-1.1999999999999993,2.0
2026-01-01 15:18:10,20260101_151810,20260101_151810,23.8,71.0,Thursday,15,25,71,1014,-1.1999999999999993,0.0
2026-01-01 15:28:11,20260101_152811,20260101_152811,23.8,71.0,Thursday,15,25,71,1014,-1.1999999999999993,0.0
2026-01-01 15:38:12,20260101_153812,20260101_153812,23.8,71.0,Thursday,15,25,75,1015,-1.1999999999999993,-4.0
2026-01-01 15:48:14,20260101_154814,20260101_154814,23.8,71.0,Thursday,15,25,75,1015,-1.1999999999999993,-4.0
2026-01-01 15:58:15,20260101_155815,20260101_155815,23.8,70.0,Thursday,15,25,75,1015,-1.1999999999999993,-5.0
2026-01-01 16:08:17,20260101_160817,20260101_160817,23.8,71.0,Thursday,16,25,72,1015,-1.1999999999999993,-1.0
2026-01-01 16:18:18,20260101_161818,20260101_161818,24.1,71.0,Thursday,16,25,72,1015,-0.8999999999999986,-1.0
2026-01-01 16:28:20,20260101_162820,20260101_162820,24.1,71.0,Thursday,16,25,72,1015,-0.8999999999999986,-1.0
2026-01-01 16:38:21,20260101_163821,20260101_163821,24.1,71.0,Thursday,16,25,75,1016,-0.8999999999999986,-4.0
2026-01-01 16:48:22,20260101_164822,20260101_164822,24.1,71.0,Thursday,16,25,75,1016,-0.8999999999999986,-4.0
2026-01-01 16:58:24,20260101_165824,20260101_165824,24.1,71.0,Thursday,16,25,74,1016,-0.8999999999999986,-3.0
2026-01-01 17:08:25,20260101_170825,20260101_170825,24.1,70.0,Thursday,17,25,70,1015,-0.8999999999999986,0.0
2026-01-01 17:18:27,20260101_171827,20260101_171827,24.1,70.0,Thursday,17,23,70,1015,1.1000000000000014,0.0
2026-01-01 17:28:28,20260101_172828,20260101_172828,24.1,70.0,Thursday,17,23,75,1015,1.1000000000000014,-5.0
2026-01-01 17:38:29,20260101_173829,20260101_173829,24.2,70.0,Thursday,17,23,77,1016,1.1999999999999993,-7.0
2026-01-01 17:48:31,20260101_174831,20260101_174831,24.1,70.0,Thursday,17,23,77,1016,1.1000000000000014,-7.0
2026-01-01 17:58:32,20260101_175832,20260101_175832,24.1,70.0,Thursday,17,23,75,1017,1.1000000000000014,-5.0
2026-01-01 18:08:34,20260101_180834,20260101_180834,24.1,69.0,Thursday,18,23,72,1016,1.1000000000000014,-3.0
2026-01-01 18:18:35,20260101_181835,20260101_181835,24.1,69.0,Thursday,18,23,72,1016,1.1000000000000014,-3.0
2026-01-01 18:28:37,20260101_182837,20260101_182837,24.1,69.0,Thursday,18,23,71,1016,1.1000000000000014,-2.0
2026-01-01 18:38:38,20260101_183838,20260101_183838,23.8,69.0,Thursday,18,23,75,1017,0.8000000000000007,-6.0
2026-01-01 18:48:39,20260101_184839,20260101_184839,23.8,69.0,Thursday,18,21,81,1018,2.8000000000000007,-12.0
2026-01-01 18:58:41,20260101_185841,20260101_185841,23.8,70.0,Thursday,18,21,81,1018,2.8000000000000007,-11.0
2026-01-01 19:08:42,20260101_190842,20260101_190842,23.8,70.0,Thursday,19,20,81,1018,3.8000000000000007,-11.0
2026-01-01 19:18:44,20260101_191844,20260101_191844,23.8,70.0,Thursday,19,20,81,1018,3.8000000000000007,-11.0
2026-01-01 19:28:45,20260101_192845,20260101_192845,23.8,70.0,Thursday,19,20,81,1018,3.8000000000000007,-11.0
2026-01-01 19:38:46,20260101_193846,20260101_193846,23.8,70.0,Thursday,19,20,79,1019,3.8000000000000007,-9.0
2026-01-01 19:48:48,20260101_194848,20260101_194848,23.8,71.0,Thursday,19,20,79,1019,3.8000000000000007,-8.0
2026-01-01 19:58:49,20260101_195849,20260101_195849,23.8,71.0,Thursday,19,20,79,1019,3.8000000000000007,-8.0
2026-01-01 20:08:51,20260101_200851,20260101_200851,23.8,70.0,Thursday,20,19,78,1019,4.800000000000001,-8.0
2026-01-01 20:18:52,20260101_201852,20260101_201852,23.8,71.0,Thursday,20,19,79,1019,4.800000000000001,-8.0
2026-01-01 20:28:54,20260101_202854,20260101_202854,24.1,71.0,Thursday,20,19,79,1019,5.100000000000001,-8.0
2026-01-01 20:38:55,20260101_203855,20260101_203855,24.1,71.0,Thursday,20,18,77,1020,6.100000000000001,-6.0
2026-01-01 20:48:56,20260101_204856,20260101_204856,24.1,71.0,Thursday,20,18,77,1020,6.100000000000001,-6.0
2026-01-01 20:58:58,20260101_205858,20260101_205858,24.1,71.0,Thursday,20,18,77,1020,6.100000000000001,-6.0
2026-01-01 21:08:59,20260101_210859,20260101_210859,24.1,70.0,Thursday,21,18,79,1020,6.100000000000001,-9.0
2026-01-01 21:19:01,20260101_211901,20260101_211901,23.8,70.0,Thursday,21,18,79,1020,5.800000000000001,-9.0
2026-01-01 21:29:02,20260101_212902,20260101_212902,23.8,70.0,Thursday,21,18,87,1019,5.800000000000001,-17.0
2026-01-01 21:39:04,20260101_213904,20260101_213904,23.8,70.0,Thursday,21,18,82,1020,5.800000000000001,-12.0
2026-01-01 21:49:05,20260101_214905,20260101_214905,23.8,70.0,Thursday,21,18,82,1020,5.800000000000001,-12.0
2026-01-01 21:59:06,20260101_215906,20260101_215906,23.8,70.0,Thursday,21,18,60,1020,5.800000000000001,10.0
2026-01-01 22:09:08,20260101_220908,20260101_220908,23.8,69.0,Thursday,22,18,78,1020,5.800000000000001,-9.0
2026-01-01 22:19:09,20260101_221909,20260101_221909,23.8,69.0,Thursday,22,18,78,1020,5.800000000000001,-9.0
2026-01-01 22:29:11,20260101_222911,20260101_222911,23.8,69.0,Thursday,22,18,80,1020,5.800000000000001,-11.0
2026-01-01 22:39:12,20260101_223912,20260101_223912,23.8,68.0,Thursday,22,18,77,1020,5.800000000000001,-9.0
2026-01-01 22:49:13,20260101_224913,20260101_224913,23.8,66.0,Thursday,22,18,77,1020,5.800000000000001,-11.0
2026-01-01 22:59:15,20260101_225915,20260101_225915,23.4,66.0,Thursday,22,18,75,1020,5.399999999999999,-9.0
2026-01-01 23:09:16,20260101_230916,20260101_230916,23.4,65.0,Thursday,23,18,76,1020,5.399999999999999,-11.0
2026-01-01 23:19:18,20260101_231918,20260101_231918,23.4,65.0,Thursday,23,18,73,1020,5.399999999999999,-8.0
2026-01-01 23:29:19,20260101_232919,20260101_232919,23.8,65.0,Thursday,23,18,73,1020,5.800000000000001,-8.0
2026-01-01 23:39:20,20260101_233920,20260101_233920,23.4,64.0,Thursday,23,18,73,1020,5.399999999999999,-9.0
2026-01-01 23:49:22,20260101_234922,20260101_234922,23.4,64.0,Thursday,23,18,73,1020,5.399999999999999,-9.0
2026-01-01 23:59:23,20260101_235923,20260101_235923,23.4,64.0,Thursday,23,18,73,1020,5.399999999999999,-9.0
2026-01-02 00:09:25,20260102_000925,20260102_000925,23.4,64.0,Friday,0,18,73,1020,5.399999999999999,-9.0
2026-01-02 00:19:26,20260102_001926,20260102_001926,23.4,64.0,Friday,0,18,73,1020,5.399999999999999,-9.0
2026-01-02 00:29:28,20260102_002928,20260102_002928,23.6,64.0,Friday,0,18,73,1020,5.600000000000001,-9.0
2026-01-02 00:39:29,20260102_003929,20260102_003929,23.4,63.0,Friday,0,18,73,1020,5.399999999999999,-10.0
2026-01-02 00:49:30,20260102_004930,20260102_004930,23.4,63.0,Friday,0,18,73,1020,5.399999999999999,-10.0
2026-01-02 00:59:32,20260102_005932,20260102_005932,23.4,63.0,Friday,0,17,73,1020,6.399999999999999,-10.0
2026-01-02 01:09:33,20260102_010933,20260102_010933,23.4,63.0,Friday,1,17,73,1020,6.399999999999999,-10.0
2026-01-02 01:19:35,20260102_011935,20260102_011935,23.4,63.0,Friday,1,17,73,1020,6.399999999999999,-10.0
2026-01-02 01:29:36,20260102_012936,20260102_012936,23.4,63.0,Friday,1,17,73,1020,6.399999999999999,-10.0
2026-01-02 01:39:37,20260102_013937,20260102_013937,23.4,62.0,Friday,1,17,74,1020,6.399999999999999,-12.0
2026-01-02 01:49:39,20260102_014939,20260102_014939,23.4,62.0,Friday,1,17,76,1020,6.399999999999999,-14.0
2026-01-02 01:59:40,20260102_015940,20260102_015940,23.4,62.0,Friday,1,17,76,1020,6.399999999999999,-14.0
2026-01-02 02:10:48,20260102_021048,20260102_021048,23.4,62.0,Friday,2,,,,,
2026-01-02 02:21:54,20260102_022154,20260102_022154,0.0,62.0,Friday,2,,,,,
2026-01-02 07:08:23,20260102_070823,20260102_070823,22.6,61.0,Friday,7,16,77,1021,6.600000000000001,-16.0
2026-01-02 07:18:25,20260102_071825,20260102_071825,22.2,61.0,Friday,7,16,77,1021,6.199999999999999,-16.0
2026-01-02 07:28:26,20260102_072826,20260102_072826,22.2,61.0,Friday,7,16,77,1021,6.199999999999999,-16.0
2026-01-02 07:38:28,20260102_073828,20260102_073828,22.2,61.0,Friday,7,16,76,1022,6.199999999999999,-15.0
2026-01-02 07:48:29,20260102_074829,20260102_074829,22.6,61.0,Friday,7,16,76,1022,6.600000000000001,-15.0
2026-01-02 07:58:30,20260102_075830,20260102_075830,22.2,60.0,Friday,7,16,76,1022,6.199999999999999,-16.0
2026-01-02 08:08:32,20260102_080832,20260102_080832,22.2,60.0,Friday,8,16,77,1022,6.199999999999999,-17.0
2026-01-02 08:18:33,20260102_081833,20260102_081833,22.2,60.0,Friday,8,16,77,1022,6.199999999999999,-17.0
2026-01-02 08:28:35,20260102_082835,20260102_082835,22.2,59.0,Friday,8,16,81,1023,6.199999999999999,-22.0
2026-01-02 08:38:36,20260102_083836,20260102_083836,22.2,59.0,Friday,8,16,78,1024,6.199999999999999,-19.0
2026-01-02 08:48:37,20260102_084837,20260102_084837,22.2,60.0,Friday,8,16,78,1024,6.199999999999999,-18.0
2026-01-02 08:58:39,20260102_085839,20260102_085839,22.2,59.0,Friday,8,16,76,1024,6.199999999999999,-17.0
2026-01-02 09:08:40,20260102_090840,20260102_090840,22.2,59.0,Friday,9,16,76,1023,6.199999999999999,-17.0
2026-01-02 09:18:42,20260102_091842,20260102_091842,22.2,59.0,Friday,9,16,76,1023,6.199999999999999,-17.0
2026-01-02 09:28:43,20260102_092843,20260102_092843,22.2,59.0,Friday,9,16,77,1024,6.199999999999999,-18.0
2026-01-02 09:38:45,20260102_093845,20260102_093845,22.2,59.0,Friday,9,16,74,1024,6.199999999999999,-15.0
2026-01-02 09:48:46,20260102_094846,20260102_094846,22.2,59.0,Friday,9,16,74,1024,6.199999999999999,-15.0
2026-01-02 09:58:47,20260102_095847,20260102_095847,22.2,59.0,Friday,9,16,74,1024,6.199999999999999,-15.0
2026-01-02 10:08:49,20260102_100849,20260102_100849,22.2,59.0,Friday,10,16,75,1024,6.199999999999999,-16.0
2026-01-02 10:18:50,20260102_101850,20260102_101850,22.2,59.0,Friday,10,16,75,1024,6.199999999999999,-16.0
2026-01-02 10:28:52,20260102_102852,20260102_102852,22.2,59.0,Friday,10,16,76,1024,6.199999999999999,-17.0
2026-01-02 10:38:53,20260102_103853,20260102_103853,22.2,59.0,Friday,10,16,74,1024,6.199999999999999,-15.0
2026-01-02 10:48:55,20260102_104855,20260102_104855,22.2,59.0,Friday,10,16,74,1024,6.199999999999999,-15.0
2026-01-02 10:58:56,20260102_105856,20260102_105856,22.6,59.0,Friday,10,16,74,1024,6.600000000000001,-15.0
2026-01-02 11:08:57,20260102_110857,20260102_110857,22.2,59.0,Friday,11,16,75,1024,6.199999999999999,-16.0
2026-01-02 11:18:59,20260102_111859,20260102_111859,22.2,59.0,Friday,11,16,75,1024,6.199999999999999,-16.0
2026-01-02 11:29:00,20260102_112900,20260102_112900,22.2,59.0,Friday,11,16,75,1024,6.199999999999999,-16.0
2026-01-02 11:39:02,20260102_113902,20260102_113902,22.6,59.0,Friday,11,16,74,1023,6.600000000000001,-15.0
2026-01-02 11:49:03,20260102_114903,20260102_114903,22.2,58.0,Friday,11,16,74,1023,6.199999999999999,-16.0
2026-01-02 11:59:04,20260102_115904,20260102_115904,22.2,58.0,Friday,11,16,74,1023,6.199999999999999,-16.0
2026-01-02 12:09:06,20260102_120906,20260102_120906,22.2,58.0,Friday,12,16,75,1023,6.199999999999999,-17.0
2026-01-02 12:19:07,20260102_121907,20260102_121907,22.2,58.0,Friday,12,16,72,1024,6.199999999999999,-14.0
2026-01-02 12:29:09,20260102_122909,20260102_122909,22.2,58.0,Friday,12,16,72,1024,6.199999999999999,-14.0
2026-01-02 12:39:10,20260102_123910,20260102_123910,22.2,58.0,Friday,12,16,72,1022,6.199999999999999,-14.0
2026-01-02 12:49:12,20260102_124912,20260102_124912,22.2,58.0,Friday,12,16,74,1022,6.199999999999999,-16.0
2026-01-02 12:59:13,20260102_125913,20260102_125913,22.2,58.0,Friday,12,16,74,1022,6.199999999999999,-16.0
2026-01-02 13:09:14,20260102_130914,20260102_130914,22.2,58.0,Friday,13,16,74,1022,6.199999999999999,-16.0
2026-01-02 13:19:16,20260102_131916,20260102_131916,22.2,58.0,Friday,13,16,74,1022,6.199999999999999,-16.0
2026-01-02 13:29:17,20260102_132917,20260102_132917,22.2,58.0,Friday,13,16,74,1022,6.199999999999999,-16.0
2026-01-02 13:39:19,20260102_133919,20260102_133919,22.2,58.0,Friday,13,16,73,1021,6.199999999999999,-15.0
2026-01-02 13:49:20,20260102_134920,20260102_134920,22.2,58.0,Friday,13,16,73,1021,6.199999999999999,-15.0
2026-01-02 13:59:21,20260102_135921,20260102_135921,22.2,58.0,Friday,13,16,72,1021,6.199999999999999,-14.0
2026-01-02 14:09:23,20260102_140923,20260102_140923,22.2,58.0,Friday,14,16,72,1022,6.199999999999999,-14.0
2026-01-02 14:19:24,20260102_141924,20260102_141924,22.2,58.0,Friday,14,16,72,1022,6.199999999999999,-14.0
2026-01-02 14:29:26,20260102_142926,20260102_142926,22.6,58.0,Friday,14,16,72,1022,6.600000000000001,-14.0
2026-01-02 14:39:27,20260102_143927,20260102_143927,22.6,58.0,Friday,14,16,72,1021,6.600000000000001,-14.0
2026-01-02 14:49:29,20260102_144929,20260102_144929,22.6,59.0,Friday,14,16,71,1021,6.600000000000001,-12.0
2026-01-02 14:59:30,20260102_145930,20260102_145930,22.6,59.0,Friday,14,16,71,1021,6.600000000000001,-12.0
2026-01-02 15:09:31,20260102_150931,20260102_150931,22.6,59.0,Friday,15,16,72,1021,6.600000000000001,-13.0
2026-01-02 15:19:33,20260102_151933,20260102_151933,22.6,59.0,Friday,15,16,72,1021,6.600000000000001,-13.0
2026-01-02 15:29:34,20260102_152934,20260102_152934,22.6,59.0,Friday,15,16,72,1021,6.600000000000001,-13.0
2026-01-02 15:39:36,20260102_153936,20260102_153936,22.6,59.0,Friday,15,16,72,1021,6.600000000000001,-13.0
2026-01-02 15:49:37,20260102_154937,20260102_154937,22.2,58.0,Friday,15,16,72,1021,6.199999999999999,-14.0
2026-01-02 15:59:38,20260102_155938,20260102_155938,22.6,59.0,Friday,15,16,72,1021,6.600000000000001,-13.0
2026-01-02 16:09:40,20260102_160940,20260102_160940,22.2,58.0,Friday,16,16,72,1021,6.199999999999999,-14.0
2026-01-02 16:19:41,20260102_161941,20260102_161941,22.2,58.0,Friday,16,16,72,1022,6.199999999999999,-14.0
2026-01-02 16:29:43,20260102_162943,20260102_162943,22.2,58.0,Friday,16,16,72,1022,6.199999999999999,-14.0
2026-01-02 16:39:44,20260102_163944,20260102_163944,22.6,58.0,Friday,16,16,73,1022,6.600000000000001,-15.0
2026-01-02 16:49:45,20260102_164945,20260102_164945,22.2,58.0,Friday,16,16,73,1022,6.199999999999999,-15.0
2026-01-02 16:59:47,20260102_165947,20260102_165947,22.2,58.0,Friday,16,16,73,1022,6.199999999999999,-15.0
2026-01-02 17:09:48,20260102_170948,20260102_170948,22.6,58.0,Friday,17,15,72,1022,7.600000000000001,-14.0
2026-01-02 17:19:50,20260102_171950,20260102_171950,22.6,58.0,Friday,17,15,76,1022,7.600000000000001,-18.0
2026-01-02 17:29:51,20260102_172951,20260102_172951,22.2,57.0,Friday,17,15,76,1022,7.199999999999999,-19.0
2026-01-02 17:39:53,20260102_173953,20260102_173953,21.8,56.0,Friday,17,15,75,1022,6.800000000000001,-19.0
2026-01-02 17:49:54,20260102_174954,20260102_174954,22.2,57.0,Friday,17,15,74,1022,7.199999999999999,-17.0
2026-01-02 17:59:55,20260102_175955,20260102_175955,21.9,57.0,Friday,17,15,74,1022,6.899999999999999,-17.0
2026-01-02 18:09:57,20260102_180957,20260102_180957,22.0,57.0,Friday,18,15,75,1022,7.0,-18.0
2026-01-02 18:19:58,20260102_181958,20260102_181958,22.2,57.0,Friday,18,15,76,1022,7.199999999999999,-19.0
2026-01-02 18:30:00,20260102_183000,20260102_183000,21.8,57.0,Friday,18,15,76,1022,6.800000000000001,-19.0
2026-01-02 18:40:01,20260102_184001,20260102_184001,21.8,56.0,Friday,18,15,75,1023,6.800000000000001,-19.0
2026-01-02 18:50:02,20260102_185002,20260102_185002,21.8,56.0,Friday,18,15,75,1023,6.800000000000001,-19.0
2026-01-02 19:00:04,20260102_190004,20260102_190004,21.4,56.0,Friday,19,15,74,1023,6.399999999999999,-18.0
2026-01-02 19:10:05,20260102_191005,20260102_191005,21.4,56.0,Friday,19,15,76,1022,6.399999999999999,-20.0
2026-01-02 19:20:07,20260102_192007,20260102_192007,21.4,56.0,Friday,19,15,76,1022,6.399999999999999,-20.0
2026-01-02 19:30:08,20260102_193008,20260102_193008,21.4,56.0,Friday,19,15,76,1022,6.399999999999999,-20.0
2026-01-02 19:40:10,20260102_194010,20260102_194010,21.4,56.0,Friday,19,15,74,1023,6.399999999999999,-18.0
2026-01-02 19:50:11,20260102_195011,20260102_195011,21.4,56.0,Friday,19,15,74,1023,6.399999999999999,-18.0
2026-01-02 20:00:12,20260102_200012,20260102_200012,21.4,56.0,Friday,20,15,74,1023,6.399999999999999,-18.0
2026-01-02 20:10:14,20260102_201014,20260102_201014,21.4,56.0,Friday,20,15,76,1023,6.399999999999999,-20.0
2026-01-02 20:20:16,20260102_202016,20260102_202016,21.4,56.0,Friday,20,15,76,1024,6.399999999999999,-20.0
2026-01-02 20:30:17,20260102_203017,20260102_203017,21.4,56.0,Friday,20,15,76,1024,6.399999999999999,-20.0
2026-01-02 20:40:18,20260102_204018,20260102_204018,21.4,57.0,Friday,20,15,75,1024,6.399999999999999,-18.0
2026-01-02 20:50:19,20260102_205019,20260102_205019,21.4,57.0,Friday,20,15,75,1024,6.399999999999999,-18.0
2026-01-02 21:00:21,20260102_210021,20260102_210021,21.4,57.0,Friday,21,15,75,1024,6.399999999999999,-18.0
2026-01-02 21:10:22,20260102_211022,20260102_211022,21.8,57.0,Friday,21,15,76,1024,6.800000000000001,-19.0
2026-01-02 21:20:24,20260102_212024,20260102_212024,21.8,58.0,Friday,21,15,76,1025,6.800000000000001,-18.0
2026-01-02 21:30:25,20260102_213025,20260102_213025,21.8,58.0,Friday,21,15,76,1025,6.800000000000001,-18.0
2026-01-02 21:40:27,20260102_214027,20260102_214027,21.8,58.0,Friday,21,14,75,1025,7.800000000000001,-17.0
2026-01-02 21:50:28,20260102_215028,20260102_215028,21.8,58.0,Friday,21,14,77,1025,7.800000000000001,-19.0
2026-01-02 22:00:29,20260102_220029,20260102_220029,21.8,58.0,Friday,22,14,77,1025,7.800000000000001,-19.0
2026-01-02 22:10:31,20260102_221031,20260102_221031,21.8,58.0,Friday,22,14,77,1025,7.800000000000001,-19.0
2026-01-02 22:20:32,20260102_222032,20260102_222032,21.8,58.0,Friday,22,14,80,1025,7.800000000000001,-22.0
2026-01-02 22:30:34,20260102_223034,20260102_223034,21.4,58.0,Friday,22,14,80,1025,7.399999999999999,-22.0
2026-01-02 22:40:35,20260102_224035,20260102_224035,21.8,58.0,Friday,22,14,77,1025,7.800000000000001,-19.0
2026-01-02 22:50:36,20260102_225036,20260102_225036,21.8,58.0,Friday,22,14,77,1025,7.800000000000001,-19.0
2026-01-02 23:00:38,20260102_230038,20260102_230038,21.8,58.0,Friday,23,14,77,1025,7.800000000000001,-19.0
2026-01-02 23:10:39,20260102_231039,20260102_231039,21.8,58.0,Friday,23,14,79,1025,7.800000000000001,-21.0
2026-01-02 23:20:41,20260102_232041,20260102_232041,21.8,58.0,Friday,23,14,80,1025,7.800000000000001,-22.0
2026-01-02 23:30:42,20260102_233042,20260102_233042,21.8,58.0,Friday,23,14,80,1025,7.800000000000001,-22.0
2026-01-02 23:40:44,20260102_234044,20260102_234044,21.8,58.0,Friday,23,14,78,1024,7.800000000000001,-20.0
2026-01-02 23:50:45,20260102_235045,20260102_235045,21.8,58.0,Friday,23,14,78,1024,7.800000000000001,-20.0
2026-01-03 10:34:05,20260103_103405,20260103_103405,22.2,57.0,Saturday,10,15,68,1024,7.199999999999999,-11.0
2026-01-03 10:44:07,20260103_104407,20260103_104407,21.8,56.0,Saturday,10,15,68,1024,6.800000000000001,-12.0
2026-01-03 10:54:08,20260103_105408,20260103_105408,21.4,56.0,Saturday,10,15,66,1024,6.399999999999999,-10.0
2026-01-03 11:04:09,20260103_110409,20260103_110409,21.4,57.0,Saturday,11,15,68,1025,6.399999999999999,-11.0
2026-01-03 11:14:11,20260103_111411,20260103_111411,21.4,57.0,Saturday,11,16,68,1025,5.399999999999999,-11.0
2026-01-03 11:24:12,20260103_112412,20260103_112412,21.6,57.0,Saturday,11,16,65,1025,5.600000000000001,-8.0
2026-01-03 11:34:14,20260103_113414,20260103_113414,21.8,58.0,Saturday,11,16,65,1023,5.800000000000001,-7.0
2026-01-03 11:44:15,20260103_114415,20260103_114415,22.2,58.0,Saturday,11,16,65,1023,6.199999999999999,-7.0
2026-01-03 11:54:17,20260103_115417,20260103_115417,22.7,57.0,Saturday,11,16,67,1022,6.699999999999999,-10.0
2026-01-03 12:04:18,20260103_120418,20260103_120418,23.4,57.0,Saturday,12,16,69,1023,7.399999999999999,-12.0
2026-01-03 12:14:19,20260103_121419,20260103_121419,23.0,56.0,Saturday,12,16,69,1023,7.0,-13.0
2026-01-03 12:24:21,20260103_122421,20260103_122421,23.0,56.0,Saturday,12,16,69,1024,7.0,-13.0
2026-01-03 12:34:22,20260103_123422,20260103_123422,22.6,57.0,Saturday,12,16,68,1022,6.600000000000001,-11.0
2026-01-03 12:44:24,20260103_124424,20260103_124424,22.6,57.0,Saturday,12,16,68,1022,6.600000000000001,-11.0
2026-01-03 12:54:25,20260103_125425,20260103_125425,22.6,57.0,Saturday,12,16,68,1021,6.600000000000001,-11.0
2026-01-03 13:04:26,20260103_130426,20260103_130426,22.2,57.0,Saturday,13,16,68,1021,6.199999999999999,-11.0
2026-01-03 13:14:28,20260103_131428,20260103_131428,23.8,56.0,Saturday,13,16,68,1021,7.800000000000001,-12.0
2026-01-03 13:24:29,20260103_132429,20260103_132429,24.8,54.0,Saturday,13,16,68,1021,8.8,-14.0
2026-01-03 13:34:31,20260103_133431,20260103_133431,24.8,54.0,Saturday,13,16,68,1021,8.8,-14.0
2026-01-03 13:44:32,20260103_134432,20260103_134432,25.3,53.0,Saturday,13,16,68,1020,9.3,-15.0
2026-01-03 13:54:34,20260103_135434,20260103_135434,23.8,54.0,Saturday,13,16,68,1020,7.800000000000001,-14.0
2026-01-03 14:04:35,20260103_140435,20260103_140435,23.5,54.0,Saturday,14,16,68,1020,7.5,-14.0
2026-01-03 14:14:36,20260103_141436,20260103_141436,23.0,55.0,Saturday,14,16,70,1021,7.0,-15.0
2026-01-03 14:24:38,20260103_142438,20260103_142438,23.0,55.0,Saturday,14,16,70,1021,7.0,-15.0
2026-01-03 14:34:39,20260103_143439,20260103_143439,23.0,55.0,Saturday,14,16,68,1020,7.0,-13.0
2026-01-03 14:46:04,20260103_144604,20260103_144604,24.5,56.0,Saturday,14,17,68,1020,7.5,-12.0
2026-01-03 14:56:06,20260103_145606,20260103_145606,24.5,53.0,Saturday,14,17,66,1019,7.5,-13.0
2026-01-03 15:06:07,20260103_150607,20260103_150607,24.5,53.0,Saturday,15,17,66,1020,7.5,-13.0
2026-01-03 15:16:09,20260103_151609,20260103_151609,24.5,53.0,Saturday,15,17,66,1020,7.5,-13.0
2026-01-03 15:26:11,20260103_152611,20260103_152611,24.8,53.0,Saturday,15,17,66,1020,7.800000000000001,-13.0
2026-01-03 15:36:12,20260103_153612,20260103_153612,24.8,53.0,Saturday,15,17,66,1019,7.800000000000001,-13.0
2026-01-03 15:46:13,20260103_154613,20260103_154613,24.8,52.0,Saturday,15,17,66,1019,7.800000000000001,-14.0
2026-01-03 15:56:15,20260103_155615,20260103_155615,24.8,52.0,Saturday,15,17,66,1019,7.800000000000001,-14.0
2026-01-03 16:06:16,20260103_160616,20260103_160616,24.8,52.0,Saturday,16,17,66,1020,7.800000000000001,-14.0
2026-01-03 16:16:18,20260103_161618,20260103_161618,24.8,52.0,Saturday,16,17,66,1020,7.800000000000001,-14.0
2026-01-03 16:26:19,20260103_162619,20260103_162619,24.8,52.0,Saturday,16,17,66,1019,7.800000000000001,-14.0
2026-01-03 16:36:20,20260103_163620,20260103_163620,24.8,52.0,Saturday,16,17,67,1019,7.800000000000001,-15.0
2026-01-03 16:46:22,20260103_164622,20260103_164622,26.2,51.0,Saturday,16,17,67,1019,9.2,-16.0
2026-01-03 16:56:24,20260103_165624,20260103_165624,26.2,51.0,Saturday,16,17,67,1019,9.2,-16.0
2026-01-03 17:06:25,20260103_170625,20260103_170625,25.8,51.0,Saturday,17,17,67,1019,8.8,-16.0
2026-01-03 17:16:26,20260103_171626,20260103_171626,26.2,51.0,Saturday,17,16,67,1019,10.2,-16.0
2026-01-03 17:26:28,20260103_172628,20260103_172628,26.2,51.0,Saturday,17,16,71,1019,10.2,-20.0
2026-01-03 17:36:29,20260103_173629,20260103_173629,25.8,50.0,Saturday,17,16,70,1019,9.8,-20.0
2026-01-03 17:46:30,20260103_174630,20260103_174630,24.5,49.0,Saturday,17,16,70,1019,8.5,-21.0
2026-01-03 17:56:32,20260103_175632,20260103_175632,24.8,50.0,Saturday,17,16,70,1019,8.8,-20.0
2026-01-03 18:06:33,20260103_180633,20260103_180633,25.3,49.0,Saturday,18,16,71,1019,9.3,-22.0
2026-01-03 18:16:35,20260103_181635,20260103_181635,25.3,49.0,Saturday,18,16,71,1019,9.3,-22.0
2026-01-03 18:26:36,20260103_182636,20260103_182636,24.8,50.0,Saturday,18,16,75,1019,8.8,-25.0
2026-01-03 18:36:37,20260103_183637,20260103_183637,24.6,50.0,Saturday,18,16,73,1020,8.600000000000001,-23.0
2026-01-03 18:46:39,20260103_184639,20260103_184639,24.5,50.0,Saturday,18,16,73,1020,8.5,-23.0
2026-01-03 18:56:40,20260103_185640,20260103_185640,24.5,49.0,Saturday,18,16,73,1020,8.5,-24.0
2026-01-03 19:06:42,20260103_190642,20260103_190642,24.5,49.0,Saturday,19,16,74,1020,8.5,-25.0
2026-01-03 19:16:43,20260103_191643,20260103_191643,24.1,49.0,Saturday,19,16,74,1020,8.100000000000001,-25.0
2026-01-03 19:26:45,20260103_192645,20260103_192645,24.1,49.0,Saturday,19,16,74,1020,8.100000000000001,-25.0
2026-01-03 19:36:46,20260103_193646,20260103_193646,24.1,49.0,Saturday,19,16,73,1021,8.100000000000001,-24.0
2026-01-03 19:46:47,20260103_194647,20260103_194647,24.1,49.0,Saturday,19,16,73,1021,8.100000000000001,-24.0
2026-01-03 19:56:49,20260103_195649,20260103_195649,23.8,49.0,Saturday,19,16,73,1021,7.800000000000001,-24.0
2026-01-03 20:06:50,20260103_200650,20260103_200650,24.1,49.0,Saturday,20,16,73,1021,8.100000000000001,-24.0
2026-01-03 20:16:52,20260103_201652,20260103_201652,24.1,50.0,Saturday,20,16,73,1021,8.100000000000001,-23.0
2026-01-03 20:26:53,20260103_202653,20260103_202653,24.1,50.0,Saturday,20,16,74,1021,8.100000000000001,-24.0
2026-01-03 20:36:55,20260103_203655,20260103_203655,24.1,50.0,Saturday,20,16,73,1021,8.100000000000001,-23.0
2026-01-03 20:46:56,20260103_204656,20260103_204656,24.1,51.0,Saturday,20,16,73,1021,8.100000000000001,-22.0
2026-01-03 20:56:57,20260103_205657,20260103_205657,24.1,51.0,Saturday,20,16,73,1021,8.100000000000001,-22.0
2026-01-03 21:06:59,20260103_210659,20260103_210659,24.5,51.0,Saturday,21,16,74,1021,8.5,-23.0
2026-01-03 21:17:00,20260103_211700,20260103_211700,24.5,51.0,Saturday,21,16,74,1021,8.5,-23.0
2026-01-03 21:27:02,20260103_212702,20260103_212702,24.5,51.0,Saturday,21,16,71,1021,8.5,-20.0
2026-01-03 21:37:03,20260103_213703,20260103_213703,24.5,51.0,Saturday,21,16,72,1022,8.5,-21.0
2026-01-03 21:47:04,20260103_214704,20260103_214704,24.8,51.0,Saturday,21,16,72,1022,8.8,-21.0
2026-01-03 21:57:06,20260103_215706,20260103_215706,24.8,51.0,Saturday,21,16,72,1022,8.8,-21.0
2026-01-03 22:07:07,20260103_220707,20260103_220707,24.8,52.0,Saturday,22,16,72,1022,8.8,-20.0
2026-01-03 22:17:09,20260103_221709,20260103_221709,24.8,51.0,Saturday,22,16,72,1022,8.8,-21.0
2026-01-03 22:27:10,20260103_222710,20260103_222710,24.8,51.0,Saturday,22,16,72,1022,8.8,-21.0
2026-01-03 22:37:11,20260103_223711,20260103_223711,24.8,52.0,Saturday,22,16,73,1021,8.8,-21.0
2026-01-03 22:47:13,20260103_224713,20260103_224713,24.8,52.0,Saturday,22,16,72,1021,8.8,-20.0
2026-01-03 22:57:14,20260103_225714,20260103_225714,25.3,52.0,Saturday,22,16,72,1021,9.3,-20.0
2026-01-03 23:07:16,20260103_230716,20260103_230716,24.8,52.0,Saturday,23,16,72,1021,8.8,-20.0
2026-01-03 23:17:17,20260103_231717,20260103_231717,24.8,52.0,Saturday,23,16,73,1021,8.8,-21.0
2026-01-03 23:27:19,20260103_232719,20260103_232719,24.5,52.0,Saturday,23,16,73,1021,8.5,-21.0
2026-01-03 23:37:20,20260103_233720,20260103_233720,24.8,52.0,Saturday,23,16,74,1021,8.8,-22.0
2026-01-03 23:47:21,20260103_234721,20260103_234721,24.8,52.0,Saturday,23,16,74,1021,8.8,-22.0
2026-01-03 23:57:23,20260103_235723,20260103_235723,24.8,52.0,Saturday,23,16,74,1021,8.8,-22.0
2026-01-04 09:55:39,20260104_095539,20260104_095539,21.4,62.0,Sunday,9,17,78,1022,4.399999999999999,-16.0
2026-01-04 10:05:40,20260104_100540,20260104_100540,22.2,61.0,Sunday,10,17,77,1022,5.199999999999999,-16.0
2026-01-04 10:15:42,20260104_101542,20260104_101542,23.0,59.0,Sunday,10,17,77,1022,6.0,-18.0
2026-01-04 10:25:43,20260104_102543,20260104_102543,23.4,59.0,Sunday,10,17,77,1023,6.399999999999999,-18.0
2026-01-04 10:35:45,20260104_103545,20260104_103545,23.8,58.0,Sunday,10,17,79,1022,6.800000000000001,-21.0
2026-01-04 10:45:47,20260104_104547,20260104_104547,23.8,58.0,Sunday,10,18,79,1022,5.800000000000001,-21.0
2026-01-04 10:55:48,20260104_105548,20260104_105548,23.8,57.0,Sunday,10,18,77,1022,5.800000000000001,-20.0
2026-01-04 11:05:49,20260104_110549,20260104_110549,24.1,57.0,Sunday,11,18,75,1022,6.100000000000001,-18.0
2026-01-04 11:15:50,20260104_111550,20260104_111550,24.1,57.0,Sunday,11,19,75,1022,5.100000000000001,-18.0
2026-01-04 11:25:52,20260104_112552,20260104_112552,24.1,56.0,Sunday,11,19,71,1022,5.100000000000001,-15.0
2026-01-04 11:35:53,20260104_113553,20260104_113553,24.1,56.0,Sunday,11,19,75,1021,5.100000000000001,-19.0
2026-01-04 11:45:55,20260104_114555,20260104_114555,24.1,56.0,Sunday,11,19,75,1021,5.100000000000001,-19.0
2026-01-04 11:55:56,20260104_115556,20260104_115556,24.1,56.0,Sunday,11,19,77,1020,5.100000000000001,-21.0
2026-01-04 12:05:57,20260104_120557,20260104_120557,24.1,55.0,Sunday,12,19,74,1021,5.100000000000001,-19.0
2026-01-04 12:15:59,20260104_121559,20260104_121559,24.1,56.0,Sunday,12,19,74,1021,5.100000000000001,-18.0
2026-01-04 12:26:00,20260104_122600,20260104_122600,24.1,56.0,Sunday,12,19,74,1020,5.100000000000001,-18.0
2026-01-04 12:36:02,20260104_123602,20260104_123602,24.1,56.0,Sunday,12,19,75,1019,5.100000000000001,-19.0
2026-01-04 12:46:03,20260104_124603,20260104_124603,24.1,56.0,Sunday,12,19,75,1019,5.100000000000001,-19.0
2026-01-04 12:56:05,20260104_125605,20260104_125605,24.1,55.0,Sunday,12,19,76,1019,5.100000000000001,-21.0
2026-01-04 13:06:06,20260104_130606,20260104_130606,24.1,56.0,Sunday,13,19,76,1019,5.100000000000001,-20.0
2026-01-04 13:16:07,20260104_131607,20260104_131607,24.1,55.0,Sunday,13,19,76,1019,5.100000000000001,-21.0
2026-01-04 13:26:09,20260104_132609,20260104_132609,24.1,55.0,Sunday,13,19,76,1019,5.100000000000001,-21.0
2026-01-04 13:36:10,20260104_133610,20260104_133610,24.1,55.0,Sunday,13,19,75,1018,5.100000000000001,-20.0
2026-01-04 13:46:12,20260104_134612,20260104_134612,24.1,55.0,Sunday,13,20,74,1018,4.100000000000001,-19.0
2026-01-04 13:56:13,20260104_135613,20260104_135613,24.1,55.0,Sunday,13,20,74,1018,4.100000000000001,-19.0
2026-01-04 14:06:14,20260104_140614,20260104_140614,24.5,55.0,Sunday,14,20,73,1018,4.5,-18.0
2026-01-04 14:16:16,20260104_141616,20260104_141616,24.1,55.0,Sunday,14,21,73,1018,3.1000000000000014,-18.0
2026-01-04 14:26:17,20260104_142617,20260104_142617,24.1,55.0,Sunday,14,21,70,1018,3.1000000000000014,-15.0
2026-01-04 14:36:19,20260104_143619,20260104_143619,24.5,55.0,Sunday,14,21,71,1017,3.5,-16.0
2026-01-04 14:46:20,20260104_144620,20260104_144620,24.5,56.0,Sunday,14,20,71,1017,4.5,-15.0
2026-01-04 14:56:22,20260104_145622,20260104_145622,24.5,56.0,Sunday,14,20,73,1017,4.5,-17.0
2026-01-04 15:06:23,20260104_150623,20260104_150623,24.1,56.0,Sunday,15,20,73,1018,4.100000000000001,-17.0
2026-01-04 15:16:24,20260104_151624,20260104_151624,24.5,56.0,Sunday,15,21,73,1018,3.5,-17.0
2026-01-04 15:26:26,20260104_152626,20260104_152626,24.1,56.0,Sunday,15,21,70,1017,3.1000000000000014,-14.0
2026-01-04 15:36:27,20260104_153627,20260104_153627,24.1,56.0,Sunday,15,21,72,1017,3.1000000000000014,-16.0
2026-01-04 15:46:29,20260104_154629,20260104_154629,24.1,56.0,Sunday,15,21,72,1017,3.1000000000000014,-16.0
2026-01-04 15:56:30,20260104_155630,20260104_155630,24.1,56.0,Sunday,15,21,72,1017,3.1000000000000014,-16.0
2026-01-04 16:06:32,20260104_160632,20260104_160632,24.1,56.0,Sunday,16,21,70,1017,3.1000000000000014,-14.0
2026-01-04 16:16:33,20260104_161633,20260104_161633,24.1,56.0,Sunday,16,21,70,1017,3.1000000000000014,-14.0
2026-01-04 16:26:34,20260104_162634,20260104_162634,24.1,56.0,Sunday,16,21,74,1017,3.1000000000000014,-18.0
2026-01-04 16:36:36,20260104_163636,20260104_163636,24.1,56.0,Sunday,16,21,76,1017,3.1000000000000014,-20.0
2026-01-04 16:46:37,20260104_164637,20260104_164637,24.1,56.0,Sunday,16,21,76,1017,3.1000000000000014,-20.0
2026-01-04 16:56:39,20260104_165639,20260104_165639,24.1,56.0,Sunday,16,21,76,1017,3.1000000000000014,-20.0
2026-01-04 17:06:40,20260104_170640,20260104_170640,24.8,56.0,Sunday,17,21,75,1017,3.8000000000000007,-19.0
2026-01-04 17:16:41,20260104_171641,20260104_171641,25.3,56.0,Sunday,17,21,75,1017,4.300000000000001,-19.0
2026-01-04 17:26:43,20260104_172643,20260104_172643,25.7,56.0,Sunday,17,20,75,1017,5.699999999999999,-19.0
2026-01-04 17:36:44,20260104_173644,20260104_173644,25.3,57.0,Sunday,17,20,79,1017,5.300000000000001,-22.0
2026-01-04 17:46:46,20260104_174646,20260104_174646,25.3,57.0,Sunday,17,20,79,1017,5.300000000000001,-22.0
2026-01-04 17:56:47,20260104_175647,20260104_175647,25.3,57.0,Sunday,17,20,79,1017,5.300000000000001,-22.0
2026-01-04 18:06:48,20260104_180648,20260104_180648,25.3,57.0,Sunday,18,20,78,1017,5.300000000000001,-21.0
2026-01-04 18:16:50,20260104_181650,20260104_181650,24.8,57.0,Sunday,18,20,78,1017,4.800000000000001,-21.0
2026-01-04 18:26:51,20260104_182651,20260104_182651,24.8,57.0,Sunday,18,20,78,1017,4.800000000000001,-21.0
2026-01-04 18:36:53,20260104_183653,20260104_183653,24.5,57.0,Sunday,18,20,80,1018,4.5,-23.0
2026-01-04 18:46:54,20260104_184654,20260104_184654,24.5,57.0,Sunday,18,19,80,1018,5.5,-23.0
2026-01-04 18:56:56,20260104_185656,20260104_185656,24.5,57.0,Sunday,18,19,80,1018,5.5,-23.0
2026-01-04 19:06:57,20260104_190657,20260104_190657,24.5,58.0,Sunday,19,19,80,1018,5.5,-22.0
2026-01-04 19:16:58,20260104_191658,20260104_191658,24.5,58.0,Sunday,19,19,80,1018,5.5,-22.0
2026-01-04 19:27:00,20260104_192700,20260104_192700,24.5,58.0,Sunday,19,19,80,1018,5.5,-22.0
2026-01-04 19:37:01,20260104_193701,20260104_193701,24.5,58.0,Sunday,19,19,82,1019,5.5,-24.0
2026-01-04 19:47:03,20260104_194703,20260104_194703,24.5,58.0,Sunday,19,19,82,1019,5.5,-24.0
2026-01-04 19:57:04,20260104_195704,20260104_195704,24.5,58.0,Sunday,19,19,80,1019,5.5,-22.0
2026-01-04 20:07:05,20260104_200705,20260104_200705,24.5,58.0,Sunday,20,19,79,1019,5.5,-21.0
2026-01-04 20:17:07,20260104_201707,20260104_201707,24.5,58.0,Sunday,20,19,79,1019,5.5,-21.0
2026-01-04 20:27:08,20260104_202708,20260104_202708,24.5,59.0,Sunday,20,19,81,1019,5.5,-22.0
2026-01-04 20:37:10,20260104_203710,20260104_203710,24.5,59.0,Sunday,20,19,83,1020,5.5,-24.0
2026-01-04 20:47:11,20260104_204711,20260104_204711,24.5,59.0,Sunday,20,19,83,1020,5.5,-24.0
2026-01-04 20:57:13,20260104_205713,20260104_205713,25.3,59.0,Sunday,20,19,83,1020,6.300000000000001,-24.0
2026-01-04 21:07:14,20260104_210714,20260104_210714,24.8,59.0,Sunday,21,19,83,1020,5.800000000000001,-24.0
2026-01-04 21:17:15,20260104_211715,20260104_211715,25.8,58.0,Sunday,21,19,83,1020,6.800000000000001,-25.0
2026-01-04 21:27:17,20260104_212717,20260104_212717,25.8,58.0,Sunday,21,19,83,1020,6.800000000000001,-25.0
2026-01-04 21:37:19,20260104_213719,20260104_213719,25.8,58.0,Sunday,21,19,85,1020,6.800000000000001,-27.0
2026-01-04 21:47:20,20260104_214720,20260104_214720,25.3,58.0,Sunday,21,18,85,1020,7.300000000000001,-27.0
2026-01-04 21:57:21,20260104_215721,20260104_215721,25.3,58.0,Sunday,21,18,85,1020,7.300000000000001,-27.0
2026-01-04 22:07:23,20260104_220723,20260104_220723,25.3,59.0,Sunday,22,18,85,1020,7.300000000000001,-26.0
2026-01-04 22:17:24,20260104_221724,20260104_221724,25.3,59.0,Sunday,22,17,85,1020,8.3,-26.0
2026-01-04 22:27:25,20260104_222725,20260104_222725,25.3,59.0,Sunday,22,17,85,1020,8.3,-26.0
2026-01-04 22:37:27,20260104_223727,20260104_223727,25.3,59.0,Sunday,22,17,87,1020,8.3,-28.0
2026-01-05 08:37:19,20260105_083719,20260105_083719,21.8,69.0,Monday,8,16,83,1023,5.800000000000001,-14.0
2026-01-05 08:47:20,20260105_084720,20260105_084720,22.6,65.0,Monday,8,16,83,1023,6.600000000000001,-18.0
2026-01-05 08:57:22,20260105_085722,20260105_085722,23.0,63.0,Monday,8,16,81,1023,7.0,-18.0
2026-01-05 09:07:23,20260105_090723,20260105_090723,23.0,62.0,Monday,9,16,81,1023,7.0,-19.0
2026-01-05 09:17:25,20260105_091725,20260105_091725,23.4,62.0,Monday,9,17,81,1023,6.399999999999999,-19.0
2026-01-05 09:27:26,20260105_092726,20260105_092726,23.4,61.0,Monday,9,17,79,1023,6.399999999999999,-18.0
2026-01-05 09:37:27,20260105_093727,20260105_093727,23.4,60.0,Monday,9,17,79,1023,6.399999999999999,-19.0
2026-01-05 09:47:29,20260105_094729,20260105_094729,23.8,59.0,Monday,9,17,78,1023,6.800000000000001,-19.0
2026-01-05 09:57:31,20260105_095731,20260105_095731,23.4,59.0,Monday,9,17,78,1023,6.399999999999999,-19.0
2026-01-05 10:07:32,20260105_100732,20260105_100732,23.5,58.0,Monday,10,16,78,1023,7.5,-20.0
2026-01-05 10:17:33,20260105_101733,20260105_101733,23.4,58.0,Monday,10,16,78,1023,7.399999999999999,-20.0
2026-01-05 10:27:35,20260105_102735,20260105_102735,23.8,57.0,Monday,10,16,78,1023,7.800000000000001,-21.0
2026-01-05 10:37:36,20260105_103736,20260105_103736,23.4,57.0,Monday,10,16,77,1023,7.399999999999999,-20.0
2026-01-05 10:47:37,20260105_104737,20260105_104737,23.8,56.0,Monday,10,16,77,1023,7.800000000000001,-21.0
2026-01-05 10:57:39,20260105_105739,20260105_105739,23.4,56.0,Monday,10,16,79,1023,7.399999999999999,-23.0
2026-01-05 11:07:40,20260105_110740,20260105_110740,23.8,55.0,Monday,11,16,80,1023,7.800000000000001,-25.0
2026-01-05 11:17:42,20260105_111742,20260105_111742,23.8,55.0,Monday,11,16,80,1023,7.800000000000001,-25.0
2026-01-05 11:27:43,20260105_112743,20260105_112743,23.8,55.0,Monday,11,16,77,1024,7.800000000000001,-22.0
2026-01-05 11:37:44,20260105_113744,20260105_113744,23.4,54.0,Monday,11,16,75,1022,7.399999999999999,-21.0
2026-01-05 11:47:46,20260105_114746,20260105_114746,23.4,54.0,Monday,11,16,75,1022,7.399999999999999,-21.0
2026-01-05 11:57:47,20260105_115747,20260105_115747,23.8,54.0,Monday,11,16,75,1022,7.800000000000001,-21.0
2026-01-05 12:07:49,20260105_120749,20260105_120749,23.8,54.0,Monday,12,16,76,1022,7.800000000000001,-22.0
2026-01-05 12:17:50,20260105_121750,20260105_121750,23.8,54.0,Monday,12,16,76,1022,7.800000000000001,-22.0
2026-01-05 12:27:52,20260105_122752,20260105_122752,23.8,54.0,Monday,12,16,76,1023,7.800000000000001,-22.0
2026-01-05 12:37:53,20260105_123753,20260105_123753,23.8,54.0,Monday,12,16,74,1021,7.800000000000001,-20.0
2026-01-05 12:47:54,20260105_124754,20260105_124754,23.8,54.0,Monday,12,15,74,1021,8.8,-20.0
2026-01-05 12:57:56,20260105_125756,20260105_125756,24.1,54.0,Monday,12,15,74,1021,9.100000000000001,-20.0
2026-01-05 13:07:57,20260105_130757,20260105_130757,24.1,54.0,Monday,13,15,74,1021,9.100000000000001,-20.0
2026-01-05 13:17:59,20260105_131759,20260105_131759,24.1,54.0,Monday,13,14,74,1021,10.100000000000001,-20.0
2026-01-05 13:28:00,20260105_132800,20260105_132800,24.1,53.0,Monday,13,14,74,1021,10.100000000000001,-21.0
2026-01-05 13:38:01,20260105_133801,20260105_133801,24.1,53.0,Monday,13,14,72,1020,10.100000000000001,-19.0
2026-01-05 13:48:03,20260105_134803,20260105_134803,23.8,53.0,Monday,13,14,72,1020,9.8,-19.0
2026-01-05 13:58:04,20260105_135804,20260105_135804,24.1,53.0,Monday,13,14,75,1021,10.100000000000001,-22.0
2026-01-05 14:08:06,20260105_140806,20260105_140806,23.8,53.0,Monday,14,15,76,1021,8.8,-23.0
2026-01-05 14:18:07,20260105_141807,20260105_141807,24.1,53.0,Monday,14,15,72,1021,9.100000000000001,-19.0
2026-01-05 14:28:09,20260105_142809,20260105_142809,24.1,53.0,Monday,14,15,72,1021,9.100000000000001,-19.0
2026-01-05 14:38:10,20260105_143810,20260105_143810,24.1,53.0,Monday,14,15,72,1020,9.100000000000001,-19.0
2026-01-05 14:48:11,20260105_144811,20260105_144811,23.4,53.0,Monday,14,15,72,1020,8.399999999999999,-19.0
2026-01-05 14:58:13,20260105_145813,20260105_145813,23.4,53.0,Monday,14,15,72,1020,8.399999999999999,-19.0
2026-01-05 15:08:14,20260105_150814,20260105_150814,23.4,53.0,Monday,15,15,72,1021,8.399999999999999,-19.0
2026-01-05 15:18:16,20260105_151816,20260105_151816,23.4,53.0,Monday,15,15,72,1021,8.399999999999999,-19.0
2026-01-05 15:28:17,20260105_152817,20260105_152817,23.4,53.0,Monday,15,15,72,1021,8.399999999999999,-19.0
2026-01-05 15:38:18,20260105_153818,20260105_153818,23.4,53.0,Monday,15,15,71,1020,8.399999999999999,-18.0
2026-01-05 15:48:20,20260105_154820,20260105_154820,23.4,52.0,Monday,15,15,71,1020,8.399999999999999,-19.0
2026-01-05 15:58:21,20260105_155821,20260105_155821,23.8,53.0,Monday,15,15,71,1020,8.8,-18.0
2026-01-05 16:08:23,20260105_160823,20260105_160823,23.8,52.0,Monday,16,15,72,1021,8.8,-20.0
2026-01-05 16:18:24,20260105_161824,20260105_161824,23.8,53.0,Monday,16,15,68,1021,8.8,-15.0
2026-01-05 16:28:26,20260105_162826,20260105_162826,23.8,53.0,Monday,16,15,68,1021,8.8,-15.0
2026-01-05 16:38:27,20260105_163827,20260105_163827,23.8,53.0,Monday,16,15,68,1021,8.8,-15.0
2026-01-05 16:48:28,20260105_164828,20260105_164828,23.8,52.0,Monday,16,15,68,1021,8.8,-16.0
2026-01-05 16:58:30,20260105_165830,20260105_165830,23.8,52.0,Monday,16,15,68,1021,8.8,-16.0
2026-01-05 17:08:31,20260105_170831,20260105_170831,23.8,52.0,Monday,17,15,68,1021,8.8,-16.0
2026-01-05 17:18:33,20260105_171833,20260105_171833,23.8,52.0,Monday,17,15,68,1022,8.8,-16.0
2026-01-05 17:28:34,20260105_172834,20260105_172834,23.8,52.0,Monday,17,15,68,1022,8.8,-16.0
2026-01-05 17:38:35,20260105_173835,20260105_173835,23.8,52.0,Monday,17,15,68,1021,8.8,-16.0
2026-01-05 17:48:37,20260105_174837,20260105_174837,23.8,51.0,Monday,17,15,68,1021,8.8,-17.0
2026-01-05 17:58:38,20260105_175838,20260105_175838,23.4,51.0,Monday,17,15,68,1021,8.399999999999999,-17.0
2026-01-05 18:08:40,20260105_180840,20260105_180840,23.4,51.0,Monday,18,15,67,1022,8.399999999999999,-16.0
2026-01-05 18:18:41,20260105_181841,20260105_181841,23.4,51.0,Monday,18,15,67,1022,8.399999999999999,-16.0
2026-01-05 18:28:44,20260105_182844,20260105_182844,23.4,51.0,Monday,18,15,67,1022,8.399999999999999,-16.0
2026-01-05 18:38:44,20260105_183844,20260105_183844,23.4,51.0,Monday,18,15,67,1022,8.399999999999999,-16.0
2026-01-05 18:48:45,20260105_184845,20260105_184845,23.0,51.0,Monday,18,15,67,1022,8.0,-16.0
2026-01-05 18:58:47,20260105_185847,20260105_185847,23.0,51.0,Monday,18,15,67,1022,8.0,-16.0
2026-01-05 19:08:48,20260105_190848,20260105_190848,23.0,51.0,Monday,19,15,67,1022,8.0,-16.0
2026-01-05 19:18:50,20260105_191850,20260105_191850,23.0,51.0,Monday,19,15,67,1022,8.0,-16.0
2026-01-05 19:28:51,20260105_192851,20260105_192851,23.0,50.0,Monday,19,15,67,1022,8.0,-17.0
2026-01-05 19:38:52,20260105_193852,20260105_193852,22.6,50.0,Monday,19,15,67,1023,7.600000000000001,-17.0
2026-01-05 19:48:54,20260105_194854,20260105_194854,22.6,50.0,Monday,19,15,67,1023,7.600000000000001,-17.0
2026-01-05 19:58:55,20260105_195855,20260105_195855,22.7,51.0,Monday,19,15,67,1023,7.699999999999999,-16.0
2026-01-05 20:08:57,20260105_200857,20260105_200857,23.0,50.0,Monday,20,15,67,1023,8.0,-17.0
2026-01-05 20:18:58,20260105_201858,20260105_201858,23.0,51.0,Monday,20,15,67,1023,8.0,-16.0
2026-01-05 20:29:00,20260105_202900,20260105_202900,23.0,51.0,Monday,20,15,67,1023,8.0,-16.0
2026-01-05 20:39:01,20260105_203901,20260105_203901,23.0,51.0,Monday,20,15,67,1023,8.0,-16.0
2026-01-05 20:49:02,20260105_204902,20260105_204902,23.0,51.0,Monday,20,15,67,1024,8.0,-16.0
2026-01-05 20:59:04,20260105_205904,20260105_205904,23.4,50.0,Monday,20,15,67,1024,8.399999999999999,-17.0
2026-01-05 21:09:05,20260105_210905,20260105_210905,23.4,50.0,Monday,21,15,67,1024,8.399999999999999,-17.0
2026-01-05 21:19:07,20260105_211907,20260105_211907,23.4,50.0,Monday,21,15,67,1024,8.399999999999999,-17.0
2026-01-05 21:29:08,20260105_212908,20260105_212908,23.8,51.0,Monday,21,15,67,1024,8.8,-16.0
2026-01-05 21:39:09,20260105_213909,20260105_213909,23.8,51.0,Monday,21,15,67,1024,8.8,-16.0
2026-01-05 21:49:11,20260105_214911,20260105_214911,23.8,51.0,Monday,21,15,67,1024,8.8,-16.0
2026-01-05 21:59:12,20260105_215912,20260105_215912,23.8,51.0,Monday,21,15,67,1024,8.8,-16.0
2026-01-05 22:09:14,20260105_220914,20260105_220914,23.8,51.0,Monday,22,15,67,1024,8.8,-16.0
2026-01-05 22:19:15,20260105_221915,20260105_221915,23.8,51.0,Monday,22,15,67,1024,8.8,-16.0
2026-01-05 22:29:17,20260105_222917,20260105_222917,23.0,52.0,Monday,22,15,67,1024,8.0,-15.0
2026-01-05 22:39:18,20260105_223918,20260105_223918,23.0,51.0,Monday,22,15,67,1024,8.0,-16.0
2026-01-05 22:49:19,20260105_224919,20260105_224919,23.0,51.0,Monday,22,15,67,1024,8.0,-16.0
2026-01-05 22:59:21,20260105_225921,20260105_225921,23.0,52.0,Monday,22,15,67,1024,8.0,-15.0
2026-01-05 23:09:22,20260105_230922,20260105_230922,23.0,52.0,Monday,23,15,67,1024,8.0,-15.0
2026-01-05 23:19:24,20260105_231924,20260105_231924,23.4,52.0,Monday,23,15,67,1024,8.399999999999999,-15.0
2026-01-05 23:29:25,20260105_232925,20260105_232925,23.4,52.0,Monday,23,15,67,1024,8.399999999999999,-15.0
2026-01-05 23:39:26,20260105_233926,20260105_233926,23.4,52.0,Monday,23,15,68,1023,8.399999999999999,-16.0
2026-01-05 23:50:34,20260105_235034,20260105_235034,23.0,52.0,Monday,23,,,,,
2026-01-06 00:25:58,20260106_002558,20260106_002558,23.0,57.0,Tuesday,0,15,67,1024,8.0,-10.0
2026-01-06 00:35:59,20260106_003559,20260106_003559,24.1,53.0,Tuesday,0,15,68,1023,9.100000000000001,-15.0
2026-01-06 00:46:01,20260106_004601,20260106_004601,24.1,52.0,Tuesday,0,15,68,1023,9.100000000000001,-16.0
2026-01-06 00:56:02,20260106_005602,20260106_005602,24.1,51.0,Tuesday,0,15,69,1023,9.100000000000001,-18.0
2026-01-06 01:06:03,20260106_010603,20260106_010603,24.1,51.0,Tuesday,1,15,69,1023,9.100000000000001,-18.0
2026-01-06 01:16:05,20260106_011605,20260106_011605,24.1,51.0,Tuesday,1,14,69,1023,10.100000000000001,-18.0
2026-01-06 01:26:06,20260106_012606,20260106_012606,24.1,50.0,Tuesday,1,14,69,1023,10.100000000000001,-19.0
2026-01-06 01:36:08,20260106_013608,20260106_013608,24.1,50.0,Tuesday,1,14,70,1023,10.100000000000001,-20.0
2026-01-06 01:46:14,20260106_014614,20260106_014614,24.1,50.0,Tuesday,1,14,70,1023,10.100000000000001,-20.0
2026-01-06 01:56:15,20260106_015615,20260106_015615,24.1,50.0,Tuesday,1,14,71,1023,10.100000000000001,-21.0
2026-01-06 02:06:16,20260106_020616,20260106_020616,24.1,50.0,Tuesday,2,14,71,1024,10.100000000000001,-21.0
2026-01-06 02:16:17,20260106_021617,20260106_021617,24.1,50.0,Tuesday,2,14,71,1024,10.100000000000001,-21.0
2026-01-06 02:26:19,20260106_022619,20260106_022619,23.8,50.0,Tuesday,2,14,71,1024,9.8,-21.0
2026-01-06 02:36:20,20260106_023620,20260106_023620,23.8,50.0,Tuesday,2,14,71,1023,9.8,-21.0
2026-01-06 02:46:22,20260106_024622,20260106_024622,23.8,50.0,Tuesday,2,14,71,1023,9.8,-21.0
2026-01-06 02:56:23,20260106_025623,20260106_025623,23.8,49.0,Tuesday,2,14,71,1023,9.8,-22.0
2026-01-06 03:06:25,20260106_030625,20260106_030625,23.8,49.0,Tuesday,3,14,72,1024,9.8,-23.0
2026-01-06 03:16:26,20260106_031626,20260106_031626,23.8,49.0,Tuesday,3,14,72,1024,9.8,-23.0
2026-01-06 03:26:27,20260106_032627,20260106_032627,23.8,49.0,Tuesday,3,14,72,1024,9.8,-23.0
2026-01-06 03:36:29,20260106_033629,20260106_033629,23.8,49.0,Tuesday,3,14,72,1023,9.8,-23.0
2026-01-06 03:46:30,20260106_034630,20260106_034630,23.8,49.0,Tuesday,3,14,72,1023,9.8,-23.0
2026-01-06 03:56:32,20260106_035632,20260106_035632,23.8,49.0,Tuesday,3,14,72,1023,9.8,-23.0
2026-01-06 04:06:33,20260106_040633,20260106_040633,23.8,49.0,Tuesday,4,14,72,1024,9.8,-23.0
2026-01-06 04:16:34,20260106_041634,20260106_041634,23.8,49.0,Tuesday,4,14,72,1024,9.8,-23.0
2026-01-06 04:26:36,20260106_042636,20260106_042636,23.8,49.0,Tuesday,4,14,72,1024,9.8,-23.0
2026-01-06 04:36:37,20260106_043637,20260106_043637,23.8,49.0,Tuesday,4,14,72,1024,9.8,-23.0
2026-01-06 04:46:39,20260106_044639,20260106_044639,23.8,49.0,Tuesday,4,14,72,1024,9.8,-23.0
2026-01-06 04:56:40,20260106_045640,20260106_045640,23.8,49.0,Tuesday,4,14,72,1024,9.8,-23.0
2026-01-06 05:06:42,20260106_050642,20260106_050642,23.4,49.0,Tuesday,5,14,72,1024,9.399999999999999,-23.0
2026-01-06 05:16:43,20260106_051643,20260106_051643,23.5,49.0,Tuesday,5,14,72,1024,9.5,-23.0
2026-01-06 05:26:44,20260106_052644,20260106_052644,23.4,49.0,Tuesday,5,14,72,1025,9.399999999999999,-23.0
2026-01-06 05:36:46,20260106_053646,20260106_053646,23.4,49.0,Tuesday,5,14,72,1025,9.399999999999999,-23.0
2026-01-06 05:46:47,20260106_054647,20260106_054647,23.8,49.0,Tuesday,5,14,72,1025,9.8,-23.0
2026-01-06 05:56:49,20260106_055649,20260106_055649,23.4,49.0,Tuesday,5,14,71,1025,9.399999999999999,-22.0
2026-01-06 06:06:55,20260106_060655,20260106_060655,23.4,48.0,Tuesday,6,14,72,1025,9.399999999999999,-24.0
2026-01-06 06:24:45,20260106_062445,20260106_062445,21.4,52.0,Tuesday,6,,,,,
2026-01-06 06:34:46,20260106_063446,20260106_063446,21.4,51.0,Tuesday,6,14,72,1025,7.399999999999999,-21.0
2026-01-06 06:44:47,20260106_064447,20260106_064447,21.4,51.0,Tuesday,6,14,72,1025,7.399999999999999,-21.0
2026-01-06 06:54:49,20260106_065449,20260106_065449,21.8,52.0,Tuesday,6,14,72,1026,7.800000000000001,-20.0
2026-01-06 07:04:50,20260106_070450,20260106_070450,21.8,51.0,Tuesday,7,14,72,1026,7.800000000000001,-21.0
2026-01-06 07:14:51,20260106_071451,20260106_071451,21.8,51.0,Tuesday,7,14,72,1026,7.800000000000001,-21.0
2026-01-06 07:24:53,20260106_072453,20260106_072453,21.8,51.0,Tuesday,7,14,72,1026,7.800000000000001,-21.0
2026-01-06 07:34:54,20260106_073454,20260106_073454,21.8,51.0,Tuesday,7,14,71,1026,7.800000000000001,-20.0
2026-01-06 07:44:56,20260106_074456,20260106_074456,21.8,51.0,Tuesday,7,14,71,1026,7.800000000000001,-20.0
2026-01-06 07:54:57,20260106_075457,20260106_075457,21.4,51.0,Tuesday,7,14,71,1026,7.399999999999999,-20.0
2026-01-06 08:04:59,20260106_080459,20260106_080459,21.5,51.0,Tuesday,8,14,71,1026,7.5,-20.0
2026-01-06 08:15:00,20260106_081500,20260106_081500,21.4,51.0,Tuesday,8,14,71,1027,7.399999999999999,-20.0
2026-01-06 08:25:01,20260106_082501,20260106_082501,21.6,51.0,Tuesday,8,14,72,1027,7.600000000000001,-21.0
2026-01-06 08:35:03,20260106_083503,20260106_083503,21.4,51.0,Tuesday,8,14,70,1027,7.399999999999999,-19.0
2026-01-06 08:45:04,20260106_084504,20260106_084504,21.4,51.0,Tuesday,8,14,70,1027,7.399999999999999,-19.0
2026-01-06 08:55:06,20260106_085506,20260106_085506,21.4,51.0,Tuesday,8,14,70,1028,7.399999999999999,-19.0
2026-01-06 09:05:07,20260106_090507,20260106_090507,21.4,51.0,Tuesday,9,14,71,1028,7.399999999999999,-20.0
2026-01-06 09:15:08,20260106_091508,20260106_091508,21.4,51.0,Tuesday,9,14,71,1028,7.399999999999999,-20.0
2026-01-06 09:25:10,20260106_092510,20260106_092510,21.4,51.0,Tuesday,9,14,71,1028,7.399999999999999,-20.0
2026-01-06 09:35:11,20260106_093511,20260106_093511,21.4,50.0,Tuesday,9,14,67,1028,7.399999999999999,-17.0
2026-01-06 09:45:13,20260106_094513,20260106_094513,21.4,50.0,Tuesday,9,14,67,1028,7.399999999999999,-17.0
2026-01-06 09:55:14,20260106_095514,20260106_095514,21.4,50.0,Tuesday,9,14,67,1028,7.399999999999999,-17.0
2026-01-06 10:05:16,20260106_100516,20260106_100516,21.4,50.0,Tuesday,10,14,67,1028,7.399999999999999,-17.0
2026-01-06 10:15:17,20260106_101517,20260106_101517,21.4,50.0,Tuesday,10,15,69,1028,6.399999999999999,-19.0
2026-01-06 10:25:18,20260106_102518,20260106_102518,21.4,50.0,Tuesday,10,15,66,1029,6.399999999999999,-16.0
2026-01-06 10:35:20,20260106_103520,20260106_103520,21.4,50.0,Tuesday,10,15,64,1028,6.399999999999999,-14.0
2026-01-06 10:45:21,20260106_104521,20260106_104521,21.4,50.0,Tuesday,10,15,64,1028,6.399999999999999,-14.0
2026-01-06 10:55:23,20260106_105523,20260106_105523,21.4,50.0,Tuesday,10,15,62,1028,6.399999999999999,-12.0
2026-01-06 11:05:24,20260106_110524,20260106_110524,21.4,50.0,Tuesday,11,15,62,1028,6.399999999999999,-12.0
2026-01-06 11:15:25,20260106_111525,20260106_111525,21.4,50.0,Tuesday,11,15,65,1028,6.399999999999999,-15.0
2026-01-06 11:25:27,20260106_112527,20260106_112527,21.4,50.0,Tuesday,11,15,66,1029,6.399999999999999,-16.0
2026-01-06 11:35:28,20260106_113528,20260106_113528,21.4,50.0,Tuesday,11,15,65,1027,6.399999999999999,-15.0
2026-01-06 11:45:30,20260106_114530,20260106_114530,21.4,50.0,Tuesday,11,14,65,1027,7.399999999999999,-15.0
2026-01-06 11:55:31,20260106_115531,20260106_115531,21.4,50.0,Tuesday,11,14,64,1027,7.399999999999999,-14.0
2026-01-06 12:05:33,20260106_120533,20260106_120533,21.4,49.0,Tuesday,12,14,66,1028,7.399999999999999,-17.0
2026-01-06 12:15:34,20260106_121534,20260106_121534,21.4,49.0,Tuesday,12,14,66,1028,7.399999999999999,-17.0
2026-01-06 12:25:35,20260106_122535,20260106_122535,21.4,49.0,Tuesday,12,14,62,1028,7.399999999999999,-13.0
2026-01-06 12:35:37,20260106_123537,20260106_123537,21.4,49.0,Tuesday,12,14,61,1026,7.399999999999999,-12.0
2026-01-06 12:45:38,20260106_124538,20260106_124538,21.4,49.0,Tuesday,12,14,61,1026,7.399999999999999,-12.0
2026-01-06 12:55:40,20260106_125540,20260106_125540,21.4,49.0,Tuesday,12,14,61,1026,7.399999999999999,-12.0
2026-01-06 13:05:41,20260106_130541,20260106_130541,21.4,49.0,Tuesday,13,14,61,1026,7.399999999999999,-12.0
2026-01-06 13:15:43,20260106_131543,20260106_131543,21.4,49.0,Tuesday,13,15,61,1026,6.399999999999999,-12.0
2026-01-06 13:25:44,20260106_132544,20260106_132544,21.4,49.0,Tuesday,13,15,61,1026,6.399999999999999,-12.0
2026-01-06 13:35:45,20260106_133545,20260106_133545,21.4,49.0,Tuesday,13,15,57,1026,6.399999999999999,-8.0
2026-01-06 13:45:47,20260106_134547,20260106_134547,21.4,49.0,Tuesday,13,15,57,1026,6.399999999999999,-8.0
2026-01-06 13:55:48,20260106_135548,20260106_135548,21.4,49.0,Tuesday,13,15,57,1025,6.399999999999999,-8.0
2026-01-06 14:05:50,20260106_140550,20260106_140550,21.4,49.0,Tuesday,14,15,56,1026,6.399999999999999,-7.0
2026-01-06 14:15:51,20260106_141551,20260106_141551,21.4,49.0,Tuesday,14,15,56,1026,6.399999999999999,-7.0
2026-01-06 14:25:53,20260106_142553,20260106_142553,21.4,49.0,Tuesday,14,15,56,1026,6.399999999999999,-7.0
2026-01-06 14:35:55,20260106_143555,20260106_143555,21.4,49.0,Tuesday,14,15,56,1025,6.399999999999999,-7.0
2026-01-06 14:45:57,20260106_144557,20260106_144557,21.4,49.0,Tuesday,14,15,56,1025,6.399999999999999,-7.0
2026-01-06 14:55:59,20260106_145559,20260106_145559,21.4,49.0,Tuesday,14,15,57,1025,6.399999999999999,-8.0
2026-01-06 15:06:00,20260106_150600,20260106_150600,21.4,49.0,Tuesday,15,15,56,1025,6.399999999999999,-7.0
2026-01-06 15:16:02,20260106_151602,20260106_151602,21.4,49.0,Tuesday,15,15,56,1025,6.399999999999999,-7.0
2026-01-06 15:26:03,20260106_152603,20260106_152603,21.4,49.0,Tuesday,15,15,58,1026,6.399999999999999,-9.0
2026-01-06 15:36:04,20260106_153604,20260106_153604,21.4,49.0,Tuesday,15,15,58,1025,6.399999999999999,-9.0
2026-01-06 15:46:06,20260106_154606,20260106_154606,21.4,49.0,Tuesday,15,15,58,1025,6.399999999999999,-9.0
2026-01-06 15:56:07,20260106_155607,20260106_155607,21.4,49.0,Tuesday,15,15,58,1025,6.399999999999999,-9.0
2026-01-06 16:06:09,20260106_160609,20260106_160609,21.4,49.0,Tuesday,16,15,58,1025,6.399999999999999,-9.0
2026-01-06 16:16:10,20260106_161610,20260106_161610,21.4,49.0,Tuesday,16,15,58,1025,6.399999999999999,-9.0
2026-01-06 16:26:11,20260106_162611,20260106_162611,21.4,49.0,Tuesday,16,15,58,1026,6.399999999999999,-9.0
2026-01-06 16:36:13,20260106_163613,20260106_163613,21.4,49.0,Tuesday,16,15,59,1025,6.399999999999999,-10.0
2026-01-06 16:46:14,20260106_164614,20260106_164614,21.4,48.0,Tuesday,16,15,59,1025,6.399999999999999,-11.0
2026-01-06 16:56:16,20260106_165616,20260106_165616,21.4,48.0,Tuesday,16,15,59,1025,6.399999999999999,-11.0
2026-01-06 17:06:17,20260106_170617,20260106_170617,21.4,48.0,Tuesday,17,15,58,1026,6.399999999999999,-10.0
2026-01-06 17:16:19,20260106_171619,20260106_171619,21.4,48.0,Tuesday,17,15,58,1026,6.399999999999999,-10.0
2026-01-06 17:26:20,20260106_172620,20260106_172620,21.4,48.0,Tuesday,17,15,62,1026,6.399999999999999,-14.0
2026-01-06 17:36:21,20260106_173621,20260106_173621,21.4,48.0,Tuesday,17,15,62,1025,6.399999999999999,-14.0
2026-01-06 17:46:23,20260106_174623,20260106_174623,21.4,48.0,Tuesday,17,14,62,1025,7.399999999999999,-14.0
2026-01-06 17:56:24,20260106_175624,20260106_175624,21.4,48.0,Tuesday,17,14,70,1025,7.399999999999999,-22.0
2026-01-06 18:06:26,20260106_180626,20260106_180626,21.0,48.0,Tuesday,18,14,75,1026,7.0,-27.0
2026-01-06 18:16:27,20260106_181627,20260106_181627,21.1,48.0,Tuesday,18,14,75,1026,7.100000000000001,-27.0
2026-01-06 18:26:28,20260106_182628,20260106_182628,21.0,48.0,Tuesday,18,14,76,1026,7.0,-28.0
2026-01-06 18:36:30,20260106_183630,20260106_183630,21.0,48.0,Tuesday,18,14,73,1026,7.0,-25.0
2026-01-06 18:46:31,20260106_184631,20260106_184631,21.0,48.0,Tuesday,18,14,73,1026,7.0,-25.0
2026-01-06 18:56:33,20260106_185633,20260106_185633,21.0,48.0,Tuesday,18,14,72,1026,7.0,-24.0
2026-01-06 19:06:34,20260106_190634,20260106_190634,21.0,49.0,Tuesday,19,14,72,1026,7.0,-23.0
2026-01-06 19:16:36,20260106_191636,20260106_191636,21.0,49.0,Tuesday,19,14,72,1026,7.0,-23.0
2026-01-06 19:26:37,20260106_192637,20260106_192637,21.0,49.0,Tuesday,19,14,72,1026,7.0,-23.0
2026-01-06 19:36:38,20260106_193638,20260106_193638,21.0,49.0,Tuesday,19,14,71,1026,7.0,-22.0
2026-01-06 19:46:40,20260106_194640,20260106_194640,21.0,49.0,Tuesday,19,14,74,1027,7.0,-25.0
2026-01-06 19:56:41,20260106_195641,20260106_195641,21.0,49.0,Tuesday,19,14,73,1027,7.0,-24.0
2026-01-06 20:06:43,20260106_200643,20260106_200643,21.0,49.0,Tuesday,20,14,76,1027,7.0,-27.0
2026-01-06 20:16:44,20260106_201644,20260106_201644,21.0,50.0,Tuesday,20,14,76,1027,7.0,-26.0
2026-01-06 21:48:16,20260106_214816,20260106_214816,21.1,52.0,Tuesday,21,12,75,1027,9.100000000000001,-23.0
2026-01-06 21:58:17,20260106_215817,20260106_215817,22.6,50.0,Tuesday,21,12,76,1027,10.600000000000001,-26.0
2026-01-06 22:08:18,20260106_220818,20260106_220818,23.4,49.0,Tuesday,22,12,81,1028,11.399999999999999,-32.0
2026-01-06 22:18:20,20260106_221820,20260106_221820,23.8,49.0,Tuesday,22,12,81,1028,11.8,-32.0
2026-01-06 22:28:21,20260106_222821,20260106_222821,23.8,49.0,Tuesday,22,12,82,1028,11.8,-33.0
2026-01-06 22:38:23,20260106_223823,20260106_223823,24.1,49.0,Tuesday,22,12,78,1027,12.100000000000001,-29.0
2026-01-06 22:48:24,20260106_224824,20260106_224824,23.8,49.0,Tuesday,22,11,78,1027,12.8,-29.0
2026-01-06 22:58:25,20260106_225825,20260106_225825,23.8,49.0,Tuesday,22,11,80,1027,12.8,-31.0
2026-01-06 23:08:27,20260106_230827,20260106_230827,23.8,49.0,Tuesday,23,11,85,1027,12.8,-36.0
2026-01-06 23:18:28,20260106_231828,20260106_231828,23.8,49.0,Tuesday,23,11,85,1027,12.8,-36.0
2026-01-06 23:28:30,20260106_232830,20260106_232830,23.8,49.0,Tuesday,23,11,87,1028,12.8,-38.0
2026-01-06 23:38:32,20260106_233832,20260106_233832,23.4,49.0,Tuesday,23,11,82,1027,12.399999999999999,-33.0
2026-01-06 23:48:33,20260106_234833,20260106_234833,23.4,49.0,Tuesday,23,11,81,1026,12.399999999999999,-32.0
2026-01-06 23:58:34,20260106_235834,20260106_235834,23.4,49.0,Tuesday,23,11,81,1026,12.399999999999999,-32.0
2026-01-07 00:08:35,20260107_000835,20260107_000835,24.1,49.0,Wednesday,0,11,86,1027,13.100000000000001,-37.0
2026-01-07 00:18:37,20260107_001837,20260107_001837,23.8,49.0,Wednesday,0,11,83,1027,12.8,-34.0
2026-01-07 00:29:44,20260107_002944,20260107_002944,23.8,49.0,Wednesday,0,,,,,
2026-01-07 00:40:52,20260107_004052,20260107_004052,23.8,49.0,Wednesday,0,,,,,
2026-01-07 00:51:59,20260107_005159,20260107_005159,0.0,49.0,Wednesday,0,,,,,
2026-01-07 01:03:05,20260107_010305,20260107_010305,0.0,49.0,Wednesday,1,,,,,
2026-01-07 01:13:18,20260107_011318,20260107_011318,23.0,49.0,Wednesday,1,,,,,
2026-01-07 01:23:25,20260107_012325,20260107_012325,23.4,49.0,Wednesday,1,,,,,
2026-01-07 01:33:33,20260107_013333,20260107_013333,23.0,49.0,Wednesday,1,,,,,
2026-01-07 01:43:40,20260107_014340,20260107_014340,23.0,49.0,Wednesday,1,,,,,
2026-01-07 01:53:47,20260107_015347,20260107_015347,23.0,49.0,Wednesday,1,,,,,
2026-01-07 02:03:55,20260107_020355,20260107_020355,22.6,49.0,Wednesday,2,,,,,
2026-01-07 02:14:03,20260107_021403,20260107_021403,22.6,49.0,Wednesday,2,,,,,
2026-01-07 02:24:10,20260107_022410,20260107_022410,22.6,49.0,Wednesday,2,,,,,
2026-01-07 02:34:17,20260107_023417,20260107_023417,22.6,49.0,Wednesday,2,,,,,
2026-01-07 02:44:25,20260107_024425,20260107_024425,22.6,49.0,Wednesday,2,,,,,
2026-01-07 02:54:32,20260107_025432,20260107_025432,22.2,49.0,Wednesday,2,,,,,
2026-01-07 03:04:40,20260107_030440,20260107_030440,22.2,49.0,Wednesday,3,,,,,
2026-01-07 03:14:47,20260107_031447,20260107_031447,22.2,49.0,Wednesday,3,,,,,
2026-01-07 03:24:55,20260107_032455,20260107_032455,22.2,49.0,Wednesday,3,,,,,
2026-01-07 03:35:02,20260107_033502,20260107_033502,22.2,49.0,Wednesday,3,,,,,
2026-01-07 03:45:10,20260107_034510,20260107_034510,22.2,49.0,Wednesday,3,,,,,
2026-01-07 03:55:17,20260107_035517,20260107_035517,22.2,49.0,Wednesday,3,,,,,
2026-01-07 04:05:25,20260107_040525,20260107_040525,22.2,49.0,Wednesday,4,,,,,
2026-01-07 04:15:32,20260107_041532,20260107_041532,22.2,49.0,Wednesday,4,,,,,
2026-01-07 04:25:40,20260107_042540,20260107_042540,22.2,49.0,Wednesday,4,,,,,
2026-01-07 04:35:47,20260107_043547,20260107_043547,22.2,49.0,Wednesday,4,,,,,
2026-01-07 04:45:55,20260107_044555,20260107_044555,22.2,49.0,Wednesday,4,,,,,
2026-01-07 04:56:02,20260107_045602,20260107_045602,22.2,50.0,Wednesday,4,,,,,
2026-01-07 05:06:10,20260107_050610,20260107_050610,22.2,50.0,Wednesday,5,,,,,
2026-01-07 05:16:17,20260107_051617,20260107_051617,22.2,50.0,Wednesday,5,,,,,
2026-01-07 05:26:25,20260107_052625,20260107_052625,22.2,50.0,Wednesday,5,,,,,
2026-01-07 05:36:32,20260107_053632,20260107_053632,21.8,50.0,Wednesday,5,,,,,
2026-01-07 05:46:40,20260107_054640,20260107_054640,21.8,50.0,Wednesday,5,,,,,
2026-01-07 05:56:47,20260107_055647,20260107_055647,21.8,50.0,Wednesday,5,,,,,
2026-01-07 06:06:55,20260107_060655,20260107_060655,21.8,50.0,Wednesday,6,,,,,
2026-01-07 06:17:03,20260107_061703,20260107_061703,21.8,50.0,Wednesday,6,,,,,
2026-01-07 06:27:10,20260107_062710,20260107_062710,21.8,50.0,Wednesday,6,,,,,
2026-01-07 06:37:11,20260107_063711,20260107_063711,21.8,50.0,Wednesday,6,10,80,1026,11.8,-30.0
2026-01-07 06:47:13,20260107_064713,20260107_064713,21.8,50.0,Wednesday,6,9,80,1026,12.8,-30.0
2026-01-07 06:57:14,20260107_065714,20260107_065714,21.8,50.0,Wednesday,6,9,82,1026,12.8,-32.0
2026-01-07 07:07:15,20260107_070715,20260107_070715,21.8,50.0,Wednesday,7,9,82,1026,12.8,-32.0
2026-01-07 07:17:17,20260107_071717,20260107_071717,21.8,50.0,Wednesday,7,10,82,1026,11.8,-32.0
2026-01-07 07:27:18,20260107_072718,20260107_072718,21.8,50.0,Wednesday,7,10,82,1026,11.8,-32.0
